shape,true_fraction,n,method,bias,mse,stability_var,failure_rate,mean_estimate,n_valid,replications,bias_mcse,seed,adaptive_cut_median
pulse,0.2,30,acf_linear,0.1665221850606212,0.077519165895818,0.0498601512221115,0.294,0.3665221850606213,706,1000,0.0084037755596744,26131955,
pulse,0.2,30,haar_wavelet,-0.1382774405350532,0.0237946466283074,0.0046786747421243,0.0,0.0617225594649467,1000,1000,0.0021630244432563,26131955,
pulse,0.2,30,spline_gcv,0.0660822622535625,0.0347121476301564,0.0303756579035113,0.0,0.2660822622535626,1000,1000,0.0055114116071575,26131955,
pulse,0.2,30,ssf_020,0.1401274878267259,0.0599029983714977,0.0403277469165484,0.333,0.3401274878267259,667,1000,0.0077756922315625,26131955,
pulse,0.2,30,ssf_025,0.1449342059591784,0.0633060624345639,0.0423642294963002,0.339,0.3449342059591784,661,1000,0.0080056928965491,26131955,
pulse,0.2,30,ssf_030,0.1778462004667006,0.0825876237597958,0.0510397558587459,0.373,0.3778462004667007,627,1000,0.0090223677264861,26131955,
pulse,0.2,30,ssf_adaptive,0.1288378735425208,0.0578048023677132,0.041268997946768,0.349,0.3288378735425208,651,1000,0.0079619870643871,26131955,0.2
pulse,0.2,30,state_space,-0.009494851041274,0.0471077417749911,0.047064654232928,0.0,0.1905051489587259,1000,1000,0.0068603683744335,26131955,
pulse,0.2,60,acf_linear,0.0829607924829263,0.0370615513698717,0.030217898767324,0.222,0.2829607924829263,778,1000,0.006232213639427,26132952,
pulse,0.2,60,haar_wavelet,-0.1767518275814202,0.0319393944503147,0.0006988847817243,0.0,0.0232481724185797,1000,1000,0.000835993290478,26132952,
pulse,0.2,60,spline_gcv,-0.0957856757363192,0.0347619924580325,0.0256127094912604,0.0,0.1042143242636808,1000,1000,0.0050609000673062,26132952,
pulse,0.2,60,ssf_020,0.0521102227251891,0.0273174430463376,0.0246358081296513,0.272,0.2521102227251892,728,1000,0.0058172498470057,26132952,
pulse,0.2,60,ssf_025,0.082010670800748,0.0352927497849466,0.0286072348705464,0.289,0.2820106708007481,711,1000,0.0063431231099823,26132952,
pulse,0.2,60,ssf_030,0.0981303310419675,0.0417454230599578,0.0321630903971834,0.319,0.2981303310419675,681,1000,0.0068723509537634,26132952,
pulse,0.2,60,ssf_adaptive,0.0883955529809658,0.0384310100950522,0.0306623944738878,0.321,0.2883955529809658,679,1000,0.0067199825629516,26132952,0.25
pulse,0.2,60,state_space,-0.0484053808514977,0.026311676166168,0.0239925878586481,0.0,0.1515946191485022,1000,1000,0.0048982229286393,26132952,
pulse,0.2,90,acf_linear,0.0633558248637077,0.0281006429033071,0.0241168283946395,0.2,0.2633558248637078,800,1000,0.005490540546549,26133949,
pulse,0.2,90,haar_wavelet,-0.1907670229431534,0.0365122490898372,0.0001203123596031,0.0,0.0092329770568465,1000,1000,0.0003468607207557,26133949,
pulse,0.2,90,spline_gcv,-0.1429028221783169,0.0360957750741668,0.0156902487363755,0.0,0.057097177821683,1000,1000,0.0039610918616431,26133949,
pulse,0.2,90,ssf_020,0.0319543743437247,0.0184866396967992,0.0174885992898933,0.241,0.2319543743437247,759,1000,0.0048001700795917,26133949,
pulse,0.2,90,ssf_025,0.0445592883254097,0.0225544770205501,0.0205960826582621,0.241,0.2445592883254097,759,1000,0.0052092047165571,26133949,
pulse,0.2,90,ssf_030,0.0674555151286827,0.0300946908801291,0.0255798244756937,0.277,0.2674555151286827,723,1000,0.0059481187648295,26133949,
pulse,0.2,90,ssf_adaptive,0.0614849688827791,0.0273250825960785,0.0235768900637695,0.268,0.2614849688827791,732,1000,0.0056752855617436,26133949,0.2
pulse,0.2,90,state_space,-0.0650369956290814,0.022795831512858,0.0185846053177186,0.0,0.1349630043709185,1000,1000,0.0043109865828738,26133949,
pulse,0.2,120,acf_linear,0.0420627440811119,0.0204864226184768,0.0187400577849378,0.182,0.2420627440811119,818,1000,0.0047863980292132,26134946,
pulse,0.2,120,haar_wavelet,-0.1904411114958326,0.0364107778573188,0.0001431040135642,0.0,0.0095588885041674,1000,1000,0.0003782909112895,26134946,
pulse,0.2,120,spline_gcv,-0.1645286781620581,0.0362605414809445,0.0092000555987892,0.0,0.0354713218379418,1000,1000,0.0030331593427957,26134946,
pulse,0.2,120,ssf_020,0.0146492655044176,0.0167597295466251,0.0165662589992031,0.216,0.2146492655044177,784,1000,0.0045967850066043,26134946,
pulse,0.2,120,ssf_025,0.0228553287856588,0.0195922487425231,0.0190947456386729,0.232,0.2228553287856589,768,1000,0.0049862761706864,26134946,
pulse,0.2,120,ssf_030,0.0421916954904397,0.0225862154549561,0.0208337439412346,0.247,0.2421916954904397,753,1000,0.0052600051935747,26134946,
pulse,0.2,120,ssf_adaptive,0.0394140001698122,0.0233338012908886,0.021809224271266,0.245,0.2394140001698122,755,1000,0.00537460601005,26134946,0.25
pulse,0.2,120,state_space,-0.0762919806717934,0.0199895121600009,0.0141832290742498,0.0,0.1237080193282065,1000,1000,0.0037660628080596,26134946,
pulse,0.2,160,acf_linear,0.0329717690134818,0.0178551242476493,0.0167866385163446,0.1,0.2329717690134818,900,1000,0.0043187753557827,26135943,
pulse,0.2,160,haar_wavelet,-0.1973142407749023,0.0389444005635927,1.150245347003635e-05,0.0,0.0026857592250976,1000,1000,0.0001072494917005,26135943,
pulse,0.2,160,spline_gcv,-0.172322852101065,0.0365365292433875,0.0068482120992412,0.0,0.0276771478989349,1000,1000,0.0026169088824873,26135943,
pulse,0.2,160,ssf_020,0.006865272712498,0.0141205692335191,0.0140901515601403,0.157,0.2068652727124981,843,1000,0.0040883121258199,26135943,
pulse,0.2,160,ssf_025,0.0214304965418563,0.0168801836834136,0.0164409186189244,0.178,0.2214304965418563,822,1000,0.0044722608981666,26135943,
pulse,0.2,160,ssf_030,0.0392096637880629,0.020154254150266,0.0186405118878319,0.212,0.2392096637880629,788,1000,0.0048636891285189,26135943,
pulse,0.2,160,ssf_adaptive,0.027347318281495,0.0187441404863351,0.0180185372739343,0.191,0.227347318281495,809,1000,0.0047193860605535,26135943,0.25
pulse,0.2,160,state_space,-0.0726842640266429,0.0183044934512526,0.0130345257398977,0.0,0.127315735973357,1000,1000,0.0036103359594223,26135943,
pulse,0.2,200,acf_linear,0.0192506549242995,0.0142211442131646,0.0138659974752941,0.102,0.2192506549242995,898,1000,0.0039295008772082,26136940,
pulse,0.2,200,haar_wavelet,-0.1945595537851254,0.0378978386921016,4.446318622076688e-05,0.0,0.0054404462148745,1000,1000,0.0002108629560182,26136940,
pulse,0.2,200,spline_gcv,-0.1791610069544176,0.0366877167099864,0.0045936439410065,0.0,0.0208389930455823,1000,1000,0.002143278782848,26136940,
pulse,0.2,200,ssf_020,-0.0090539321063998,0.0123543353992591,0.0122864194007734,0.126,0.1909460678936001,874,1000,0.003749358358649,26136940,
pulse,0.2,200,ssf_025,0.0025621495303494,0.0134483611450143,0.0134578944947204,0.164,0.2025621495303494,836,1000,0.0040122263049227,26136940,
pulse,0.2,200,ssf_030,0.0172060615959339,0.0167413823200598,0.0164653159439604,0.176,0.2172060615959339,824,1000,0.0044701431233956,26136940,
pulse,0.2,200,ssf_adaptive,0.0110838178876061,0.0170485935452579,0.0169460371815996,0.165,0.2110838178876061,835,1000,0.0045049589684374,26136940,0.25
pulse,0.2,200,state_space,-0.0809465743996715,0.0175769960830824,0.0110356838599008,0.0,0.1190534256003285,1000,1000,0.0033219999789134,26136940,
pulse,0.4,30,acf_linear,0.0377069913228183,0.0574286788197752,0.0560701462145631,0.114,0.4377069913228184,886,1000,0.007955161180451,26137937,
pulse,0.4,30,haar_wavelet,-0.3205438763153903,0.1085265727473257,0.0057839800841136,0.0,0.0794561236846096,1000,1000,0.0024049906619597,26137937,
pulse,0.4,30,spline_gcv,-0.017125443784234,0.0291729493040828,0.0289085770563322,0.0,0.382874556215766,1000,1000,0.0053766696993894,26137937,
pulse,0.4,30,ssf_020,-0.0048611040940015,0.0421280169245246,0.0421538048856334,0.147,0.3951388959059984,853,1000,0.0070298146576914,26137937,
pulse,0.4,30,ssf_025,-0.0031601396788929,0.0428409420880678,0.0428823733190895,0.166,0.396839860321107,834,1000,0.0071706146048897,26137937,
pulse,0.4,30,ssf_030,0.0219727015864094,0.049113922590522,0.0486926813590299,0.209,0.4219727015864095,791,1000,0.0078459150845081,26137937,
pulse,0.4,30,ssf_adaptive,-0.0164761398042379,0.0411014145472,0.0408781567378629,0.152,0.383523860195762,848,1000,0.0069430089666967,26137937,0.2
pulse,0.4,30,state_space,-0.1327509805596434,0.0862727256245406,0.0687186214064002,0.0,0.2672490194403566,1000,1000,0.0082896695595421,26137937,
pulse,0.4,60,acf_linear,0.0040623638435719,0.033882520187933,0.0339017033915055,0.05,0.4040623638435719,950,1000,0.0059737763240688,26138934,
pulse,0.4,60,haar_wavelet,-0.3675325331096901,0.1362417741204969,0.001162774000472,0.0,0.0324674668903099,1000,1000,0.0010783199898323,26138934,
pulse,0.4,60,spline_gcv,-0.1163165782666386,0.0983642422658595,0.0849196155017021,0.0,0.2836834217333613,1000,1000,0.0092151839646152,26138934,
pulse,0.4,60,ssf_020,-0.0691464856953808,0.0336795523963075,0.0289303895148524,0.098,0.3308535143046192,902,1000,0.0056633561221554,26138934,
pulse,0.4,60,ssf_025,-0.0359740456487383,0.0340027424538012,0.0327464676815348,0.135,0.3640259543512617,865,1000,0.0061528195220677,26138934,
pulse,0.4,60,ssf_030,-0.0303401344842801,0.0366124847414221,0.0357332233635348,0.134,0.3696598655157199,866,1000,0.0064235802039731,26138934,
pulse,0.4,60,ssf_adaptive,-0.0414341671005383,0.0389579978039619,0.0372843607960123,0.136,0.3585658328994617,864,1000,0.0065691091759655,26138934,0.25
pulse,0.4,60,state_space,-0.1343188034664109,0.0551521972691818,0.0371478041086421,0.0,0.2656811965335891,1000,1000,0.0060948998440205,26138934,
pulse,0.4,90,acf_linear,-0.0063661680537835,0.0268512979644692,0.0268379889244845,0.014,0.3936338319462165,986,1000,0.0052171884865649,26139931,
pulse,0.4,90,haar_wavelet,-0.3849271787150478,0.148415755452185,0.0002470696082669,0.0,0.0150728212849521,1000,1000,0.0004970609703717,26139931,
pulse,0.4,90,spline_gcv,-0.2096384966266508,0.1194763264016685,0.0756036307645508,0.0,0.1903615033733492,1000,1000,0.0086950348340044,26139931,
pulse,0.4,90,ssf_020,-0.0677544564996343,0.0258559502071363,0.0212874814138631,0.041,0.3322455435003656,959,1000,0.0047114310233364,26139931,
pulse,0.4,90,ssf_025,-0.0527765872579327,0.0272764322540642,0.0245167899991291,0.047,0.3472234127420672,953,1000,0.0050720713381326,26139931,
pulse,0.4,90,ssf_030,-0.0381229802204163,0.0283447506922557,0.0269202734849799,0.068,0.3618770197795837,932,1000,0.0053744221652651,26139931,
pulse,0.4,90,ssf_adaptive,-0.0447280490572914,0.0289407609612824,0.0269690064459724,0.065,0.3552719509427086,935,1000,0.0053706477413313,26139931,0.25
pulse,0.4,90,state_space,-0.153003434772637,0.0524660147872113,0.0290850487837704,0.0,0.2469965652273629,1000,1000,0.0053930556073315,26139931,
pulse,0.4,120,acf_linear,0.0033080472734593,0.0213650949686818,0.0213758311338391,0.014,0.4033080472734594,986,1000,0.0046561080228802,26140928,
pulse,0.4,120,haar_wavelet,-0.3867863474527124,0.1497863744262201,0.0001828787291388,0.0,0.0132136525472875,1000,1000,0.000427643226462,26140928,
pulse,0.4,120,spline_gcv,-0.1878351990431376,0.123544061564768,0.088350349915108,0.0,0.2121648009568624,1000,1000,0.0093994866835965,26140928,
pulse,0.4,120,ssf_020,-0.0665109167525107,0.0225004768755801,0.0180952771567018,0.022,0.3334890832474892,978,1000,0.0043014332938086,26140928,
pulse,0.4,120,ssf_025,-0.0596667912449804,0.0246390995405664,0.0211008397182428,0.035,0.3403332087550196,965,1000,0.0046761260834624,26140928,
pulse,0.4,120,ssf_030,-0.0481179015686462,0.027508230311025,0.0252193609876589,0.047,0.3518820984313539,953,1000,0.0051442324990069,26140928,
pulse,0.4,120,ssf_adaptive,-0.0486845426406093,0.0250897580953091,0.0227436152798009,0.054,0.3513154573593907,946,1000,0.0049032516371409,26140928,0.25
pulse,0.4,120,state_space,-0.1459998603172147,0.0458179299166273,0.0245264972011823,0.0,0.2540001396827853,1000,1000,0.0049524233665128,26140928,
pulse,0.4,160,acf_linear,0.0022937174271708,0.0166179596621635,0.0166293779387151,0.003,0.4022937174271709,997,1000,0.0040840440971268,26141925,
pulse,0.4,160,haar_wavelet,-0.394310881612496,0.1555215890593482,4.055825958393802e-05,0.0,0.0056891183875039,1000,1000,0.0002013908130574,26141925,
pulse,0.4,160,spline_gcv,-0.1669176279302556,0.1207995289869399,0.0930310655386152,0.0,0.2330823720697444,1000,1000,0.0096452612996546,26141925,
pulse,0.4,160,ssf_020,-0.0714934702508654,0.0203610942409581,0.0152650889744873,0.003,0.3285065297491347,997,1000,0.0039129301093437,26141925,
pulse,0.4,160,ssf_025,-0.0661045667989868,0.0231203466560487,0.0187695496720185,0.013,0.3338954332010132,987,1000,0.0043608219009136,26141925,
pulse,0.4,160,ssf_030,-0.0551251206331587,0.0241277029049651,0.0211104213542326,0.018,0.3448748793668412,982,1000,0.004636526079708,26141925,
pulse,0.4,160,ssf_adaptive,-0.0552312702410296,0.0225709708925927,0.0195403762302877,0.018,0.3447687297589703,982,1000,0.0044607790948079,26141925,0.25
pulse,0.4,160,state_space,-0.1462538178605958,0.0411792272750199,0.0198088568931126,0.0,0.2537461821394041,1000,1000,0.0044507142003405,26141925,
pulse,0.4,200,acf_linear,-0.0051995097120315,0.0141320895360483,0.0141191738086114,0.0,0.3948004902879685,1000,1000,0.0037575489096765,26142922,
pulse,0.4,200,haar_wavelet,-0.3928538617073454,0.154380403602942,4.629323780582866e-05,0.0,0.0071461382926546,1000,1000,0.0002151586340489,26142922,
pulse,0.4,200,spline_gcv,-0.1786451758614453,0.1232884062633323,0.0914657731779435,0.0,0.2213548241385547,1000,1000,0.0095637740028685,26142922,
pulse,0.4,200,ssf_020,-0.0742169796411774,0.0185415776014033,0.013046503294921,0.003,0.3257830203588226,997,1000,0.0036174245778801,26142922,
pulse,0.4,200,ssf_025,-0.0664906741154709,0.0202775581434448,0.0158726464177943,0.014,0.3335093258845291,986,1000,0.0040122336272087,26142922,
pulse,0.4,200,ssf_030,-0.0581081726207869,0.0223017310886564,0.0189446017240719,0.025,0.341891827379213,975,1000,0.0044079882874887,26142922,
pulse,0.4,200,ssf_adaptive,-0.0573971577675621,0.0201735030480371,0.0168963811942204,0.024,0.3426028422324378,976,1000,0.0041607530541579,26142922,0.25
pulse,0.4,200,state_space,-0.1431908434119004,0.0368613858435506,0.0163741423488881,0.0,0.2568091565880996,1000,1000,0.0040464975409467,26142922,
pulse,0.6,30,acf_linear,-0.0054454486174797,0.0462699680030369,0.0462879855203216,0.029,0.5945545513825202,971,1000,0.0069043774469752,26143919,
pulse,0.6,30,haar_wavelet,-0.4706937176290648,0.2297252489979311,0.0081808540364977,0.0,0.129306282370935,1000,1000,0.0028602192287476,26143919,
pulse,0.6,30,spline_gcv,-0.0691150039801377,0.0268452200267571,0.0220904266782609,0.0,0.5308849960198623,1000,1000,0.0047000453910851,26143919,
pulse,0.6,30,ssf_020,-0.0846120638778401,0.0443066356248178,0.0371856125180886,0.026,0.5153879361221599,974,1000,0.0061788548241959,26143919,
pulse,0.6,30,ssf_025,-0.0759486082331742,0.0421264256468769,0.0363954487145606,0.022,0.5240513917668257,978,1000,0.0061003409937344,26143919,
pulse,0.6,30,ssf_030,-0.0922034670725097,0.0553332804627879,0.0468806351175106,0.04,0.5077965329274903,960,1000,0.0069881324339249,26143919,
pulse,0.6,30,ssf_adaptive,-0.0987398086041123,0.0481525652447707,0.0384422422193688,0.02,0.5012601913958877,980,1000,0.0062631284335279,26143919,0.2
pulse,0.6,30,state_space,-0.160247048376996,0.1043054125375319,0.0787050010250176,0.0,0.4397529516230039,1000,1000,0.0088715839073424,26143919,
pulse,0.6,60,acf_linear,-0.0212540637862971,0.0274700039727454,0.0270453955211621,0.003,0.5787459362137027,997,1000,0.0052083371481412,26144916,
pulse,0.6,60,haar_wavelet,-0.5376396991038394,0.2915777156726027,0.0025237934135493,0.0,0.0623603008961606,1000,1000,0.0015886451502929,26144916,
pulse,0.6,60,spline_gcv,-0.0455087572871539,0.0665507237080188,0.0645442209391369,0.0,0.5544912427128461,1000,1000,0.0080339418058097,26144916,
pulse,0.6,60,ssf_020,-0.141064935096106,0.0435249055305128,0.0236495263844398,0.012,0.458935064903894,988,1000,0.0048925215988881,26144916,
pulse,0.6,60,ssf_025,-0.1358202043412835,0.0479148040661455,0.0294978375469223,0.022,0.4641797956587165,978,1000,0.0054919384633103,26144916,
pulse,0.6,60,ssf_030,-0.1257387275943707,0.0493058411975851,0.0335299680560009,0.024,0.4742612724056292,976,1000,0.0058612691003923,26144916,
pulse,0.6,60,ssf_adaptive,-0.1289052420087187,0.0486231275090689,0.0320392926419386,0.021,0.4710947579912812,979,1000,0.0057207123853638,26144916,0.25
pulse,0.6,60,state_space,-0.1593138798856943,0.0676497323422205,0.0423111311491362,0.0,0.4406861201143057,1000,1000,0.006504700696353,26144916,
pulse,0.6,90,acf_linear,-0.0063357430379105,0.0179171715944873,0.0178949248795244,0.0,0.5936642569620895,1000,1000,0.0042302393406903,26145913,
pulse,0.6,90,haar_wavelet,-0.5668280504405313,0.3220200624551987,0.0007267504394245,0.0,0.0331719495594686,1000,1000,0.000852496592031,26145913,
pulse,0.6,90,spline_gcv,-0.0461039042739192,0.0691414528505963,0.0670829658271248,0.0,0.5538960957260807,1000,1000,0.0081904191484395,26145913,
pulse,0.6,90,ssf_020,-0.1170720519212584,0.0322148466394478,0.0185275088072011,0.0,0.4829279480787415,1000,1000,0.0043043592795213,26145913,
pulse,0.6,90,ssf_025,-0.1016535319783982,0.0297388084352962,0.0194248121279973,0.001,0.4983464680216018,999,1000,0.0044095641943826,26145913,
pulse,0.6,90,ssf_030,-0.0989411517277673,0.0340825984345315,0.0243176622528615,0.004,0.5010588482722326,996,1000,0.0049411864513545,26145913,
pulse,0.6,90,ssf_adaptive,-0.1011848078762792,0.0328709430552421,0.0226553698328508,0.006,0.4988151921237207,994,1000,0.0047741096099964,26145913,0.25
pulse,0.6,90,state_space,-0.165608090629085,0.0569447946266148,0.0295483032480516,0.0,0.434391909370915,1000,1000,0.0054358351012564,26145913,
pulse,0.6,120,acf_linear,0.0002010754706224,0.0144869693866563,0.0145014303856971,0.0,0.6002010754706225,1000,1000,0.0038080743671437,26146910,
pulse,0.6,120,haar_wavelet,-0.5704442412502606,0.326004417366608,0.000598383374397,0.0,0.0295557587497394,1000,1000,0.0007735524380395,26146910,
pulse,0.6,120,spline_gcv,0.0134204130651115,0.0404919813022612,0.0403522260414644,0.0,0.6134204130651115,1000,1000,0.0063523402019621,26146910,
pulse,0.6,120,ssf_020,-0.1001489127510291,0.0236552635032738,0.0136390978759365,0.0,0.4998510872489708,1000,1000,0.0036931149286119,26146910,
pulse,0.6,120,ssf_025,-0.0992378035534575,0.0258597478226605,0.0160276338023482,0.0,0.5007621964465424,1000,1000,0.004003452735121,26146910,
pulse,0.6,120,ssf_030,-0.0897657093841479,0.0275522911282569,0.0195139420225156,0.001,0.510234290615852,999,1000,0.0044196691616017,26146910,
pulse,0.6,120,ssf_adaptive,-0.0885679558788041,0.0266584962649896,0.0188330842823741,0.002,0.5114320441211959,998,1000,0.0043440563916968,26146910,0.25
pulse,0.6,120,state_space,-0.1548994293395608,0.047209528518442,0.0232389342429634,0.0,0.4451005706604392,1000,1000,0.0048206777783796,26146910,
pulse,0.6,160,acf_linear,-0.0064379524861715,0.009883894524674,0.0098522995920519,0.0,0.5935620475138284,1000,1000,0.0031388372993915,26147907,
pulse,0.6,160,haar_wavelet,-0.5811180571360234,0.3379287947256897,0.0002308292253684,0.0,0.0188819428639765,1000,1000,0.0004804469017159,26147907,
pulse,0.6,160,spline_gcv,0.0304574038861075,0.0284746910037245,0.0275746121644074,0.0,0.6304574038861074,1000,1000,0.0052511534127663,26147907,
pulse,0.6,160,ssf_020,-0.1009681835300638,0.0198303785295147,0.009645449894048,0.0,0.4990318164699361,1000,1000,0.0031057124615856,26147907,
pulse,0.6,160,ssf_025,-0.0972370595630982,0.020689121827486,0.0112453213964049,0.0,0.5027629404369017,1000,1000,0.0033534044486767,26147907,
pulse,0.6,160,ssf_030,-0.0804099597438859,0.0193939544585322,0.0129411339664853,0.0,0.5195900402561141,1000,1000,0.0035973787632782,26147907,
pulse,0.6,160,ssf_adaptive,-0.082733029836,0.0191894119616512,0.0123570147505573,0.0,0.517266970164,1000,1000,0.0035152545783424,26147907,0.25
pulse,0.6,160,state_space,-0.1591997595085262,0.0412528040391429,0.0159241647763467,0.0,0.4408002404914737,1000,1000,0.00399050933796,26147907,
pulse,0.6,200,acf_linear,-0.0044577614049356,0.0078716384315662,0.0078596264212441,0.0,0.5955422385950644,1000,1000,0.0028035025274188,26148904,
pulse,0.6,200,haar_wavelet,-0.5803658331817231,0.3370291652118203,0.0002048697568615,0.0,0.0196341668182768,1000,1000,0.0004526254045692,26148904,
pulse,0.6,200,spline_gcv,0.0391673929845667,0.0250424507538995,0.0235318979786707,0.0,0.6391673929845667,1000,1000,0.0048509687670269,26148904,
pulse,0.6,200,ssf_020,-0.079088671390357,0.0135078358098287,0.0072600779454823,0.0,0.5209113286096428,1000,1000,0.0026944531811635,26148904,
pulse,0.6,200,ssf_025,-0.0786561594125792,0.0150826179049751,0.0089047312226606,0.0,0.5213438405874208,1000,1000,0.0029840796273994,26148904,
pulse,0.6,200,ssf_030,-0.0763248630575212,0.0162218281028654,0.0104067501322483,0.0,0.5236751369424787,1000,1000,0.0032259494931335,26148904,
pulse,0.6,200,ssf_adaptive,-0.0741854223615646,0.0158357216809408,0.0103425873773544,0.0,0.5258145776384352,1000,1000,0.0032159893310386,26148904,0.25
pulse,0.6,200,state_space,-0.1487056917940264,0.0336803344066687,0.0115785301648936,0.0,0.4512943082059735,1000,1000,0.0034027239331003,26148904,
pulse,0.8,30,acf_linear,-0.0237809152698606,0.0207951831382337,0.0202511492424507,0.058,0.7762190847301393,942,1000,0.0046365973826962,26149901,
pulse,0.8,30,haar_wavelet,-0.5468225719030744,0.313014187913147,0.0140132760465005,0.0,0.2531774280969256,1000,1000,0.0037434310527242,26149901,
pulse,0.8,30,spline_gcv,-0.1366123882872581,0.0304732825583848,0.0118221600849211,0.0,0.6633876117127419,1000,1000,0.003438336819586,26149901,
pulse,0.8,30,ssf_020,-0.1206100520552748,0.0344188351579176,0.0198919424435851,0.0,0.6793899479447252,1000,1000,0.0044600383903712,26149901,
pulse,0.8,30,ssf_025,-0.1054619723332097,0.0297036557895815,0.0186000282093802,0.0,0.6945380276667903,1000,1000,0.004312775001015,26149901,
pulse,0.8,30,ssf_030,-0.1330884682739076,0.042702761291789,0.0250153367041979,0.004,0.6669115317260924,996,1000,0.0050115666117306,26149901,
pulse,0.8,30,ssf_adaptive,-0.1346345265494379,0.0386514589894121,0.0205455487990198,0.0,0.6653654734505622,1000,1000,0.0045327198015121,26149901,0.2
pulse,0.8,30,state_space,-0.1257894224692,0.0694641453944839,0.0536948614507998,0.0,0.6742105775308,1000,1000,0.0073276777665778,26149901,
pulse,0.8,60,acf_linear,-0.0203881901976087,0.0108031446417645,0.0103979270334112,0.006,0.7796118098023913,994,1000,0.0032342991791876,26150898,
pulse,0.8,60,haar_wavelet,-0.6298756166562791,0.4031136716568598,0.0063767559546867,0.0,0.170124383343721,1000,1000,0.0025252239414924,26150898,
pulse,0.8,60,spline_gcv,-0.099515665184681,0.0219484672127466,0.0120571567523494,0.0,0.700484334815319,1000,1000,0.0034723416813944,26150898,
pulse,0.8,60,ssf_020,-0.181087422025027,0.0452034003668436,0.0124231691202936,0.0,0.6189125779749731,1000,1000,0.0035246516310542,26150898,
pulse,0.8,60,ssf_025,-0.1785255209067357,0.0481825742530522,0.0163275401782091,0.0,0.6214744790932644,1000,1000,0.004040735103692,26150898,
pulse,0.8,60,ssf_030,-0.1676350880794737,0.0467153018936941,0.0186324115498311,0.0,0.6323649119205264,1000,1000,0.0043165277191083,26150898,
pulse,0.8,60,ssf_adaptive,-0.1683004167670282,0.0459347149338059,0.0176273296244495,0.001,0.6316995832329717,999,1000,0.0042005921724262,26150898,0.25
pulse,0.8,60,state_space,-0.106583591853952,0.0302448532684735,0.0189036949108945,0.0,0.6934164081460481,1000,1000,0.0043478379582149,26150898,
pulse,0.8,90,acf_linear,-0.0021617472331421,0.006945397576658,0.006947679059251,0.001,0.7978382527668579,999,1000,0.0026371639488177,26151895,
pulse,0.8,90,haar_wavelet,-0.6840366496255949,0.4705548686500961,0.0026513820010884,0.0,0.1159633503744051,1000,1000,0.001628306482542,26151895,
pulse,0.8,90,spline_gcv,-0.1127875797519842,0.0253054657235121,0.0125970246018037,0.0,0.6872124202480158,1000,1000,0.0035492287333734,26151895,
pulse,0.8,90,ssf_020,-0.1333363269189173,0.0245667911250484,0.0067950100588788,0.0,0.6666636730810829,1000,1000,0.0026067240089581,26151895,
pulse,0.8,90,ssf_025,-0.1090890115347965,0.0190238709057967,0.0071305890572149,0.0,0.6909109884652035,1000,1000,0.0026703162841159,26151895,
pulse,0.8,90,ssf_030,-0.0936825192517531,0.0170870432339532,0.0083189477683665,0.0,0.706317480748247,1000,1000,0.0028842586167621,26151895,
pulse,0.8,90,ssf_adaptive,-0.1060531621963836,0.02021519712548,0.008976900814442,0.0,0.6939468378036164,1000,1000,0.0029961476623227,26151895,0.25
pulse,0.8,90,state_space,-0.1129736117579251,0.0256412168230816,0.0128910709403916,0.0,0.687026388242075,1000,1000,0.0035904137561556,26151895,
pulse,0.8,120,acf_linear,0.000261229098339,0.0053467079701109,0.0053519917211902,0.0,0.8002612290983391,1000,1000,0.0023134372092603,26152892,
pulse,0.8,120,haar_wavelet,-0.6872325642049655,0.4746988898881442,0.002412705289702,0.0,0.1127674357950346,1000,1000,0.0015532885403884,26152892,
pulse,0.8,120,spline_gcv,-0.1085897359155068,0.0195527865829034,0.0077688246613653,0.0,0.6914102640844932,1000,1000,0.0027872611397867,26152892,
pulse,0.8,120,ssf_020,-0.1156938346067296,0.0186729414591991,0.0052931712644543,0.0,0.6843061653932704,1000,1000,0.0023006893020254,26152892,
pulse,0.8,120,ssf_025,-0.1160677015051189,0.0196798033304353,0.006214306304058,0.0,0.683932298494881,1000,1000,0.0024928510392837,26152892,
pulse,0.8,120,ssf_030,-0.1004649519426767,0.0170501365739343,0.006963893898989,0.0,0.6995350480573234,1000,1000,0.0026389190777644,26152892,
pulse,0.8,120,ssf_adaptive,-0.0976679848417808,0.0167221642161696,0.0071903192723877,0.0,0.7023320151582193,1000,1000,0.0026814770691519,26152892,0.25
pulse,0.8,120,state_space,-0.1095695702863024,0.0219404303679393,0.0099448845197341,0.0,0.6904304297136975,1000,1000,0.0031535510967374,26152892,
pulse,0.8,160,acf_linear,-0.0018620790427446,0.0039193458873139,0.0039197983472998,0.0,0.7981379209572554,1000,1000,0.0019798480616703,26153889,
pulse,0.8,160,haar_wavelet,-0.7006409058744405,0.4923034039998364,0.0014071321474273,0.0,0.0993590941255596,1000,1000,0.0011862260102642,26153889,
pulse,0.8,160,spline_gcv,-0.1152433672639206,0.019808777464519,0.0065342780442364,0.0,0.6847566327360793,1000,1000,0.0025562233948222,26153889,
pulse,0.8,160,ssf_020,-0.1033361384228987,0.0143158811776524,0.0036411648383342,0.0,0.6966638615771013,1000,1000,0.0019081836490061,26153889,
pulse,0.8,160,ssf_025,-0.0959359468832298,0.0135061053661937,0.0043067061679798,0.0,0.7040640531167703,1000,1000,0.0020752605060521,26153889,
pulse,0.8,160,ssf_030,-0.0798973594658389,0.011216392092477,0.004837641684548,0.0,0.7201026405341611,1000,1000,0.0021994639539097,26153889,
pulse,0.8,160,ssf_adaptive,-0.0825498364481077,0.0118590285727952,0.0050496026778638,0.0,0.7174501635518924,1000,1000,0.0022471321006704,26153889,0.25
pulse,0.8,160,state_space,-0.1128662819163432,0.0196016765606583,0.0068697487157545,0.0,0.6871337180836569,1000,1000,0.0026210205485181,26153889,
pulse,0.8,200,acf_linear,-0.0053909618764768,0.0028351718009819,0.0028089182492775,0.0,0.7946090381235232,1000,1000,0.0016759827711756,26154886,
pulse,0.8,200,haar_wavelet,-0.7103813969053242,0.5057266955986758,0.001086052582098,0.0,0.0896186030946758,1000,1000,0.001042138465895,26154886,
pulse,0.8,200,spline_gcv,-0.1177157471274968,0.0197926337605956,0.0059415782170278,0.0,0.6822842528725032,1000,1000,0.0024375352750325,26154886,
pulse,0.8,200,ssf_020,-0.0732290728535443,0.0077579426604749,0.0023978433928781,0.0,0.7267709271464557,1000,1000,0.0015484971400936,26154886,
pulse,0.8,200,ssf_025,-0.0710410101064385,0.0078669829511114,0.0028229808149833,0.0,0.7289589898935616,1000,1000,0.0016801728527099,26154886,
pulse,0.8,200,ssf_030,-0.070055814021771,0.0084028821155265,0.0034985636008744,0.0,0.729944185978229,1000,1000,0.0018704447601772,26154886,
pulse,0.8,200,ssf_adaptive,-0.0677890469827403,0.0080676819969488,0.0034758029090297,0.0,0.7322109530172596,1000,1000,0.0018643505327672,26154886,0.25
pulse,0.8,200,state_space,-0.1101788202664375,0.0170395724945494,0.0049051051644098,0.0,0.6898211797335625,1000,1000,0.0022147472010163,26154886,
sinusoid,0.2,30,acf_linear,0.1572731913159167,0.074931397593166,0.050265587022493,0.272,0.3572731913159167,728,1000,0.0083094004609182,26084099,
sinusoid,0.2,30,haar_wavelet,-0.038523685532809,0.0139731347009111,0.0125015619157962,0.0,0.161476314467191,1000,1000,0.0035357547872832,26084099,
sinusoid,0.2,30,spline_gcv,0.1086396414558052,0.0402188740799118,0.0284447471313973,0.0,0.3086396414558053,1000,1000,0.0053333617101596,26084099,
sinusoid,0.2,30,ssf_020,0.1424886041781276,0.0640613727814505,0.0438200019685107,0.289,0.3424886041781276,711,1000,0.0078505737173339,26084099,
sinusoid,0.2,30,ssf_025,0.1370292187237873,0.0618125337451526,0.0430973596147808,0.303,0.3370292187237873,697,1000,0.0078633741917667,26084099,
sinusoid,0.2,30,ssf_030,0.1759203796955959,0.0814447905336452,0.0505726315782515,0.333,0.3759203796955959,667,1000,0.0087075275967953,26084099,
sinusoid,0.2,30,ssf_adaptive,0.1312994978110788,0.0598194809918397,0.0426398102403313,0.288,0.3312994978110788,712,1000,0.0077386932962257,26084099,0.2
sinusoid,0.2,30,state_space,-0.0036776649142651,0.0510642975307155,0.0511018741856796,0.0,0.1963223350857348,1000,1000,0.0071485574898492,26084099,
sinusoid,0.2,60,acf_linear,0.0888541883019645,0.0374076235185111,0.0295494936067186,0.2,0.2888541883019646,800,1000,0.006077570814758,26085096,
sinusoid,0.2,60,haar_wavelet,-0.1779110313697577,0.0322585004821099,0.0006067721712303,0.0,0.0220889686302422,1000,1000,0.000778955821103,26085096,
sinusoid,0.2,60,spline_gcv,-0.0730388222607093,0.0420993271605986,0.0368014590624296,0.0,0.1269611777392906,1000,1000,0.0060664206137086,26085096,
sinusoid,0.2,60,ssf_020,0.0787350620348632,0.0334474059659009,0.0272834915629048,0.227,0.2787350620348632,773,1000,0.0059410092271979,26085096,
sinusoid,0.2,60,ssf_025,0.1102952010179152,0.0448192626578339,0.032698358629833,0.259,0.3102952010179152,741,1000,0.0066428412280756,26085096,
sinusoid,0.2,60,ssf_030,0.1173556753608665,0.0485487492337123,0.0348243621352649,0.274,0.3173556753608665,726,1000,0.0069258530851921,26085096,
sinusoid,0.2,60,ssf_adaptive,0.1131778894723953,0.0482973407195078,0.0355370551658808,0.274,0.3131778894723954,726,1000,0.0069963641842555,26085096,0.25
sinusoid,0.2,60,state_space,-0.047064171103262,0.031334381215017,0.0291484935068868,0.0,0.1529358288967379,1000,1000,0.0053989344788473,26085096,
sinusoid,0.2,90,acf_linear,0.0642688889643975,0.0270791994729373,0.0229757078658477,0.149,0.2642688889643975,851,1000,0.0051960063152861,26086093,
sinusoid,0.2,90,haar_wavelet,-0.1887202064729352,0.0357797620503426,0.0001646103294848,0.0,0.0112797935270647,1000,1000,0.000405721985459,26086093,
sinusoid,0.2,90,spline_gcv,-0.1216425474858333,0.0398435979780642,0.0250717603796006,0.0,0.0783574525141666,1000,1000,0.0050071708957854,26086093,
sinusoid,0.2,90,ssf_020,0.0477528740311757,0.0247375114669091,0.0224844283412065,0.175,0.2477528740311757,825,1000,0.0052205222473231,26086093,
sinusoid,0.2,90,ssf_025,0.0671509281992644,0.0292682876508615,0.0247894944171841,0.186,0.2671509281992644,814,1000,0.0055185074381969,26086093,
sinusoid,0.2,90,ssf_030,0.0912984045517267,0.0358663475719627,0.0275665646148285,0.226,0.2912984045517267,774,1000,0.0059678904611785,26086093,
sinusoid,0.2,90,ssf_adaptive,0.0776103284393714,0.0347576042565637,0.0287705676504026,0.208,0.2776103284393714,792,1000,0.006027144788875,26086093,0.2
sinusoid,0.2,90,state_space,-0.0584731426340997,0.0258645001667641,0.0224678596168732,0.0,0.1415268573659002,1000,1000,0.004740027385667,26086093,
sinusoid,0.2,120,acf_linear,0.0470160480158144,0.0196705200642416,0.0174800802717141,0.129,0.2470160480158144,871,1000,0.0044798413474083,26087090,
sinusoid,0.2,120,haar_wavelet,-0.1887722561091791,0.0357990842474524,0.0001642838547577,0.0,0.0112277438908208,1000,1000,0.0004053194477911,26087090,
sinusoid,0.2,120,spline_gcv,-0.1402565445409912,0.0403572937932649,0.0207061016082942,0.0,0.0597434554590088,1000,1000,0.0045503957639192,26087090,
sinusoid,0.2,120,ssf_020,0.041333277505472,0.019187845639155,0.0174995666008254,0.132,0.241333277505472,868,1000,0.004490076949761,26087090,
sinusoid,0.2,120,ssf_025,0.0507501166302696,0.0227529682670557,0.0202017040422373,0.169,0.2507501166302697,831,1000,0.0049305286904706,26087090,
sinusoid,0.2,120,ssf_030,0.0656647789103125,0.0285702246468078,0.0242886087909557,0.197,0.2656647789103125,803,1000,0.0054997575844862,26087090,
sinusoid,0.2,120,ssf_adaptive,0.0591295465761068,0.0256792465730256,0.0222102285878351,0.186,0.2591295465761069,814,1000,0.005223532627011,26087090,0.2
sinusoid,0.2,120,state_space,-0.0742560761974707,0.023788442640655,0.0182927705589694,0.0,0.1257439238025292,1000,1000,0.0042770048584224,26087090,
sinusoid,0.2,160,acf_linear,0.0373426540074517,0.0163663422252465,0.014988485363005,0.098,0.2373426540074517,902,1000,0.0040763888527371,26088087,
sinusoid,0.2,160,haar_wavelet,-0.1965999338837959,0.0386732893972427,2.1777171301059968e-05,0.0,0.003400066116204,1000,1000,0.0001475709026233,26088087,
sinusoid,0.2,160,spline_gcv,-0.1558494860472419,0.0398245471288205,0.0155510358634945,0.0,0.044150513952758,1000,1000,0.0039434801715609,26088087,
sinusoid,0.2,160,ssf_020,0.0270822954780567,0.0150260774194456,0.014308905309184,0.121,0.2270822954780567,879,1000,0.0040346769510315,26088087,
sinusoid,0.2,160,ssf_025,0.0341249166239167,0.0187322002495212,0.0175878598790133,0.128,0.2341249166239167,872,1000,0.0044910537829597,26088087,
sinusoid,0.2,160,ssf_030,0.0504019562237228,0.0211243606212325,0.0186062597215874,0.164,0.2504019562237228,836,1000,0.0047176574200549,26088087,
sinusoid,0.2,160,ssf_adaptive,0.0445733460916772,0.0204308237976189,0.0184657394871232,0.149,0.2445733460916772,851,1000,0.0046582047306573,26088087,0.25
sinusoid,0.2,160,state_space,-0.0780446857803005,0.022282636531045,0.0162078714239231,0.0,0.1219553142196994,1000,1000,0.0040259000762466,26088087,
sinusoid,0.2,200,acf_linear,0.021106227427288,0.0132244806570712,0.0127927783034243,0.071,0.221106227427288,929,1000,0.0037108600843444,26089084,
sinusoid,0.2,200,haar_wavelet,-0.192027398498308,0.036950620139828,7.617454034044367e-05,0.0,0.007972601501692,1000,1000,0.0002759973556765,26089084,
sinusoid,0.2,200,spline_gcv,-0.1718958718363894,0.0360194312036801,0.0064777181674551,0.0,0.0281041281636105,1000,1000,0.0025451361785678,26089084,
sinusoid,0.2,200,ssf_020,0.0168240689189831,0.0129299387945847,0.0126604155846203,0.064,0.2168240689189832,936,1000,0.0036777826235795,26089084,
sinusoid,0.2,200,ssf_025,0.024941007865094,0.0150354721296609,0.0144293271065068,0.093,0.224941007865094,907,1000,0.0039885899980512,26089084,
sinusoid,0.2,200,ssf_030,0.0378537359365419,0.0186165019577967,0.0172032350295957,0.124,0.237853735936542,876,1000,0.0044315230059773,26089084,
sinusoid,0.2,200,ssf_adaptive,0.0281686530336545,0.0169225902023067,0.0161473010861959,0.112,0.2281686530336545,888,1000,0.0042642581558332,26089084,0.25
sinusoid,0.2,200,state_space,-0.0893830810284514,0.0215606594698643,0.0135849092049305,0.0,0.1106169189715485,1000,1000,0.0036857711818465,26089084,
sinusoid,0.4,30,acf_linear,0.057891933020232,0.0518654342436115,0.0485673290260299,0.09,0.457891933020232,910,1000,0.0073055247065077,26090081,
sinusoid,0.4,30,haar_wavelet,-0.1097983718045844,0.0259573367824522,0.0139155699014159,0.0,0.2902016281954155,1000,1000,0.0037303578784636,26090081,
sinusoid,0.4,30,spline_gcv,0.0939856525236034,0.0297954221198734,0.0209831023419278,0.0,0.4939856525236035,1000,1000,0.0045807316382787,26090081,
sinusoid,0.4,30,ssf_020,0.0354434924987653,0.0454756457669748,0.0442688117624497,0.104,0.4354434924987653,896,1000,0.0070290224060588,26090081,
sinusoid,0.4,30,ssf_025,0.0312462248789577,0.0471226714429421,0.0461988435596189,0.12,0.4312462248789578,880,1000,0.0072455976884728,26090081,
sinusoid,0.4,30,ssf_030,0.0412208647113716,0.052794831899045,0.0511557847670347,0.149,0.4412208647113717,851,1000,0.0077532287173107,26090081,
sinusoid,0.4,30,ssf_adaptive,0.0275574105500783,0.0433583854595652,0.0426470546900928,0.113,0.4275574105500783,887,1000,0.0069339820271763,26090081,0.2
sinusoid,0.4,30,state_space,-0.1105415563437795,0.0854452091036601,0.0732990724972524,0.0,0.2894584436562205,1000,1000,0.0085614877502249,26090081,
sinusoid,0.4,60,acf_linear,0.0262692605092775,0.0314449915047667,0.0307871553160321,0.045,0.4262692605092776,955,1000,0.0056778392870586,26091078,
sinusoid,0.4,60,haar_wavelet,-0.3617120292798162,0.1322378552382143,0.0014036667792709,0.0,0.0382879707201837,1000,1000,0.0011847644404146,26091078,
sinusoid,0.4,60,spline_gcv,0.0153668487577792,0.0879517911691075,0.087803454582946,0.0,0.4153668487577793,1000,1000,0.0093703497577703,26091078,
sinusoid,0.4,60,ssf_020,-0.0073889432651184,0.0282248349527204,0.0281996744560075,0.042,0.3926110567348815,958,1000,0.0054254940661861,26091078,
sinusoid,0.4,60,ssf_025,0.0066428895211363,0.031931743732342,0.0319216473581437,0.062,0.4066428895211364,938,1000,0.0058336615424297,26091078,
sinusoid,0.4,60,ssf_030,0.0123899457509195,0.0342695065499563,0.0341537347276463,0.095,0.4123899457509195,905,1000,0.006143202210632,26091078,
sinusoid,0.4,60,ssf_adaptive,0.0056508087847628,0.0342467372294553,0.0342521579973822,0.083,0.4056508087847628,917,1000,0.0061116616274819,26091078,0.25
sinusoid,0.4,60,state_space,-0.1537291409765451,0.0748342892617727,0.051252893369756,0.0,0.2462708590234548,1000,1000,0.0071591126104955,26091078,
sinusoid,0.4,90,acf_linear,0.0183582807753161,0.0239109864428205,0.0235978929240792,0.014,0.4183582807753161,986,1000,0.0048921318751701,26092075,
sinusoid,0.4,90,haar_wavelet,-0.375169386227957,0.1412558611828754,0.0005042971173307,0.0,0.0248306137720429,1000,1000,0.0007101388014541,26092075,
sinusoid,0.4,90,spline_gcv,-0.0167329623974594,0.0983799575202,0.0981981636532585,0.0,0.3832670376025406,1000,1000,0.0099094986580178,26092075,
sinusoid,0.4,90,ssf_020,-0.0075364466461768,0.0212892835322957,0.0212541292203554,0.018,0.3924635533538231,982,1000,0.0046522807428552,26092075,
sinusoid,0.4,90,ssf_025,-0.0025850931996314,0.0237766696109487,0.0237944668082216,0.028,0.3974149068003685,972,1000,0.0049477170618058,26092075,
sinusoid,0.4,90,ssf_030,0.0085204661831299,0.0284722985678524,0.0284295632104401,0.048,0.40852046618313,952,1000,0.0054647037033665,26092075,
sinusoid,0.4,90,ssf_adaptive,0.00276060011919,0.0275086377056241,0.0275296338756368,0.038,0.4027606001191901,962,1000,0.0053494937172416,26092075,0.25
sinusoid,0.4,90,state_space,-0.1658713152159038,0.0702326388376977,0.042762107733978,0.0,0.2341286847840962,1000,1000,0.00653927425132,26092075,
sinusoid,0.4,120,acf_linear,0.019568999205066,0.0186939352690433,0.0183293740668051,0.003,0.4195689992050661,997,1000,0.0042877182334843,26093072,
sinusoid,0.4,120,haar_wavelet,-0.3759150138212097,0.1418089112724723,0.0004973109672392,0.0,0.0240849861787903,1000,1000,0.0007052027844806,26093072,
sinusoid,0.4,120,spline_gcv,0.0214986132079061,0.0960506702208522,0.0956841640150041,0.0,0.4214986132079061,1000,1000,0.0097818282552396,26093072,
sinusoid,0.4,120,ssf_020,-0.0062736514930723,0.0164209012905732,0.0163980064494137,0.004,0.3937263485069276,996,1000,0.0040575684710182,26093072,
sinusoid,0.4,120,ssf_025,-0.0036005220768628,0.0202594239475832,0.0202668493728369,0.006,0.3963994779231371,994,1000,0.0045154384592988,26093072,
sinusoid,0.4,120,ssf_030,-0.0011921336374193,0.0233777218711716,0.0234002273013447,0.022,0.3988078663625807,978,1000,0.0048914836995088,26093072,
sinusoid,0.4,120,ssf_adaptive,-0.0051855763907069,0.0224869423990643,0.0224832547298214,0.031,0.394814423609293,969,1000,0.0048169007941735,26093072,0.25
sinusoid,0.4,120,state_space,-0.1742200947940033,0.0704134640590854,0.0401009235526065,0.0,0.2257799052059966,1000,1000,0.0063325290013237,26093072,
sinusoid,0.4,160,acf_linear,0.0158524951734183,0.0143301689160609,0.0140929602731107,0.0,0.4158524951734184,1000,1000,0.0037540591728302,26094069,
sinusoid,0.4,160,haar_wavelet,-0.3876425308592082,0.1504032264382237,0.0001366313386301,0.0,0.0123574691407917,1000,1000,0.0003696367657987,26094069,
sinusoid,0.4,160,spline_gcv,0.0505116712454197,0.0938325968895527,0.0913725404980454,0.0,0.4505116712454197,1000,1000,0.0095588984981558,26094069,
sinusoid,0.4,160,ssf_020,-0.0063589946682595,0.0136027847152329,0.0135759238258678,0.0,0.3936410053317405,1000,1000,0.0036845520522673,26094069,
sinusoid,0.4,160,ssf_025,-0.0113599630707752,0.0173066233844681,0.0171948038859094,0.002,0.3886400369292248,998,1000,0.0041508146683188,26094069,
sinusoid,0.4,160,ssf_030,-0.0076370438131502,0.0195646986926492,0.0195261978055168,0.015,0.3923629561868497,985,1000,0.0044523646606708,26094069,
sinusoid,0.4,160,ssf_adaptive,-0.0043686629334541,0.0181548742350268,0.018154182314352,0.013,0.3956313370665458,987,1000,0.0042887405087413,26094069,0.225
sinusoid,0.4,160,state_space,-0.1840505221483376,0.0686311517828067,0.0347913484281592,0.0,0.2159494778516623,1000,1000,0.0058984191465306,26094069,
sinusoid,0.4,200,acf_linear,0.0141766381541849,0.0124513183717798,0.0122626039063315,0.0,0.414176638154185,1000,1000,0.0035018000951412,26095066,
sinusoid,0.4,200,haar_wavelet,-0.3841548494538269,0.1477323345894203,0.0001575437743022,0.0,0.0158451505461731,1000,1000,0.000396917843265,26095066,
sinusoid,0.4,200,spline_gcv,0.0529524427273382,0.0934268461677217,0.0907135985755052,0.0,0.4529524427273382,1000,1000,0.0095243686707049,26095066,
sinusoid,0.4,200,ssf_020,-0.007925287801496,0.0107317966940517,0.0106796768745569,0.001,0.392074712198504,999,1000,0.0032696127051684,26095066,
sinusoid,0.4,200,ssf_025,-0.010776612319447,0.0134155059207568,0.0133127099363869,0.002,0.389223387680553,998,1000,0.0036523127897011,26095066,
sinusoid,0.4,200,ssf_030,-0.010213113188785,0.0172347366557599,0.0171476454862854,0.004,0.389786886811215,996,1000,0.0041492784351517,26095066,
sinusoid,0.4,200,ssf_adaptive,-0.0124374497057865,0.0166994659612919,0.0165615045986318,0.01,0.3875625502942135,990,1000,0.0040900846597436,26095066,0.25
sinusoid,0.4,200,state_space,-0.1878142161716395,0.0674339212101791,0.0321919333473591,0.0,0.2121857838283604,1000,1000,0.005673793558754,26095066,
sinusoid,0.6,30,acf_linear,0.0179867198909309,0.0348224624635438,0.0345336825064274,0.006,0.617986719890931,994,1000,0.005894245949936,26096063,
sinusoid,0.6,30,haar_wavelet,-0.1885011330487436,0.0484174574736135,0.0128976779909443,0.0,0.4114988669512563,1000,1000,0.0035913337342753,26096063,
sinusoid,0.6,30,spline_gcv,0.0520633846346141,0.0135533455649767,0.0108536031485134,0.0,0.6520633846346141,1000,1000,0.0032944807099926,26096063,
sinusoid,0.6,30,ssf_020,-0.0198732069488637,0.0349903862265838,0.0346303163095225,0.007,0.5801267930511361,993,1000,0.0059054582693572,26096063,
sinusoid,0.6,30,ssf_025,-0.0274503862916833,0.0337829591567898,0.0330628660519086,0.011,0.5725496137083166,989,1000,0.0057819203281785,26096063,
sinusoid,0.6,30,ssf_030,-0.0287763324514082,0.0436551356250852,0.0428708487639068,0.021,0.5712236675485916,979,1000,0.0066174351659532,26096063,
sinusoid,0.6,30,ssf_adaptive,-0.0248581825162321,0.0335168047367254,0.0329321739556976,0.011,0.5751418174837678,989,1000,0.0057704815208529,26096063,0.2
sinusoid,0.6,30,state_space,-0.1902406205485779,0.1367120832021033,0.1006212107061014,0.0,0.409759379451422,1000,1000,0.0100310124467125,26096063,
sinusoid,0.6,60,acf_linear,0.0199084772142269,0.0196093748139333,0.0192322596085524,0.0,0.6199084772142269,1000,1000,0.0043854600224551,26097060,
sinusoid,0.6,60,haar_wavelet,-0.513795943411164,0.2673522237829663,0.0033693216388371,0.0,0.0862040565888359,1000,1000,0.0018355712023337,26097060,
sinusoid,0.6,60,spline_gcv,0.0596748594497717,0.015295093018735,0.0117457499183033,0.0,0.6596748594497717,1000,1000,0.0034272073060005,26097060,
sinusoid,0.6,60,ssf_020,-0.0194890239519526,0.0170690480655487,0.0167059319428918,0.0,0.5805109760480472,1000,1000,0.0040872890701407,26097060,
sinusoid,0.6,60,ssf_025,-0.0218750451252314,0.022095621785353,0.0216387429290511,0.0,0.5781249548747686,1000,1000,0.0046517462236294,26097060,
sinusoid,0.6,60,ssf_030,-0.0272885030141654,0.0268374549753462,0.0261189376613361,0.001,0.5727114969858346,999,1000,0.0051132262559053,26097060,
sinusoid,0.6,60,ssf_adaptive,-0.0273082574422651,0.0259015545345335,0.0251812492152684,0.01,0.5726917425577348,990,1000,0.0050433724101981,26097060,0.25
sinusoid,0.6,60,state_space,-0.1982802162367254,0.1146749941215442,0.0754353853560176,0.0,0.4017197837632745,1000,1000,0.0086853546476823,26097060,
sinusoid,0.6,90,acf_linear,0.0240669732719883,0.0131768040193819,0.0126101950119192,0.0,0.6240669732719883,1000,1000,0.003551083639105,26098057,
sinusoid,0.6,90,haar_wavelet,-0.5288487591959727,0.2812190720233892,0.0015396015217909,0.0,0.0711512408040272,1000,1000,0.0012408068027662,26098057,
sinusoid,0.6,90,spline_gcv,0.0631087331784815,0.0118684463308102,0.0078936277551726,0.0,0.6631087331784815,1000,1000,0.0028095600643468,26098057,
sinusoid,0.6,90,ssf_020,-0.0115547471717403,0.0123795874957206,0.012258333647165,0.0,0.5884452528282597,1000,1000,0.0035011903186152,26098057,
sinusoid,0.6,90,ssf_025,-0.0120599695169498,0.0149874530255546,0.0148568670278326,0.0,0.5879400304830501,1000,1000,0.0038544606662713,26098057,
sinusoid,0.6,90,ssf_030,-0.0164854734635001,0.0182356593435011,0.0179818883964701,0.001,0.5835145265364998,999,1000,0.0042426275213309,26098057,
sinusoid,0.6,90,ssf_adaptive,-0.0165380497279548,0.0172163824197108,0.0169598691878081,0.002,0.5834619502720452,998,1000,0.0041223605982023,26098057,0.2
sinusoid,0.6,90,state_space,-0.208206197143864,0.1068438338703602,0.0635575709121628,0.0,0.3917938028561359,1000,1000,0.0079723002271717,26098057,
sinusoid,0.6,120,acf_linear,0.0252733004160259,0.0093278483192309,0.0086978064117239,0.0,0.6252733004160259,1000,1000,0.0029492043692704,26099054,
sinusoid,0.6,120,haar_wavelet,-0.5334858682415179,0.2858954811163408,0.0012895991020367,0.0,0.0665141317584821,1000,1000,0.0011356051699586,26099054,
sinusoid,0.6,120,spline_gcv,0.075122715301599,0.0087614037091495,0.0031211024573217,0.0,0.6751227153015991,1000,1000,0.0017666642174792,26099054,
sinusoid,0.6,120,ssf_020,-0.0145519162991465,0.0093339674126437,0.0091313404851515,0.0,0.5854480837008534,1000,1000,0.0030218107957235,26099054,
sinusoid,0.6,120,ssf_025,-0.0148052340184764,0.0107077920312262,0.0104990961730575,0.0,0.5851947659815234,1000,1000,0.0032402308826775,26099054,
sinusoid,0.6,120,ssf_030,-0.0171327489556888,0.0136516526549048,0.013371506459477,0.001,0.5828672510443111,999,1000,0.003658536777296,26099054,
sinusoid,0.6,120,ssf_adaptive,-0.0157537108072614,0.0127826552112786,0.0125470354020769,0.001,0.5842462891927385,999,1000,0.0035439518897798,26099054,0.25
sinusoid,0.6,120,state_space,-0.2045609775231347,0.0971992681190445,0.055409484077902,0.0,0.3954390224768653,1000,1000,0.0074437547029642,26099054,
sinusoid,0.6,160,acf_linear,0.0302027370168167,0.0078102614249611,0.0069049610627168,0.0,0.6302027370168167,1000,1000,0.0026277292597824,26100051,
sinusoid,0.6,160,haar_wavelet,-0.551259351462113,0.3045032144164485,0.0006169588008198,0.0,0.0487406485378869,1000,1000,0.0007854672499982,26100051,
sinusoid,0.6,160,spline_gcv,0.0750001458975126,0.0087752740306907,0.0031534055515941,0.0,0.6750001458975127,1000,1000,0.0017757830812332,26100051,
sinusoid,0.6,160,ssf_020,-0.0083196217092595,0.007389442905789,0.0073275543547586,0.0,0.5916803782907405,1000,1000,0.0027069455766155,26100051,
sinusoid,0.6,160,ssf_025,-0.0088697616941243,0.0089943164498281,0.0089245683456632,0.0,0.5911302383058757,1000,1000,0.0029874016043483,26100051,
sinusoid,0.6,160,ssf_030,-0.0068461078609088,0.0104989548726586,0.0104625482280435,0.0,0.5931538921390911,1000,1000,0.0032345862529917,26100051,
sinusoid,0.6,160,ssf_adaptive,-0.0106589549269038,0.0106946304065626,0.0105916086951239,0.0,0.5893410450730963,1000,1000,0.0032544751796755,26100051,0.25
sinusoid,0.6,160,state_space,-0.190500256286876,0.084822687964345,0.0485809212402197,0.0,0.409499743713124,1000,1000,0.0069700015236884,26100051,
sinusoid,0.6,200,acf_linear,0.0261846557074476,0.0064797874837319,0.0057999512404548,0.0,0.6261846557074476,1000,1000,0.0024083087925876,26101048,
sinusoid,0.6,200,haar_wavelet,-0.546274980497642,0.2990449530530643,0.0006292279633285,0.0,0.0537250195023579,1000,1000,0.0007932389068424,26101048,
sinusoid,0.6,200,spline_gcv,0.0847116100625999,0.007478581391413,0.0003028273393543,0.0,0.6847116100626,1000,1000,0.0005502975007706,26101048,
sinusoid,0.6,200,ssf_020,-0.0043259499516698,0.0050676086459103,0.0050539487516776,0.0,0.5956740500483301,1000,1000,0.00224809891946,26101048,
sinusoid,0.6,200,ssf_025,-0.0033481380432051,0.0058526113092481,0.0058472485294212,0.0,0.5966518619567949,1000,1000,0.002418108461054,26101048,
sinusoid,0.6,200,ssf_030,-0.0054463513476403,0.0078334723453124,0.007811621223534,0.0,0.5945536486523596,1000,1000,0.0027949277671406,26101048,
sinusoid,0.6,200,ssf_adaptive,-0.0068496098032415,0.0077356382851216,0.0076964175482131,0.0,0.5931503901967585,1000,1000,0.0027742417969984,26101048,0.25
sinusoid,0.6,200,state_space,-0.2092763098566148,0.0897420199329916,0.045991437503293,0.0,0.3907236901433851,1000,1000,0.0067816987181157,26101048,
sinusoid,0.8,30,acf_linear,0.0308664572570881,0.0100741518705241,0.0091306552408079,0.012,0.8308664572570882,988,1000,0.0030399924156907,26102045,
sinusoid,0.8,30,haar_wavelet,-0.2523653912733615,0.0704551135668162,0.0067735964507101,0.0,0.5476346087266386,1000,1000,0.0026026133886365,26102045,
sinusoid,0.8,30,spline_gcv,0.0239264968788859,0.0035796441340004,0.0030101770581633,0.0,0.823926496878886,1000,1000,0.0017349861838537,26102045,
sinusoid,0.8,30,ssf_020,-0.0130626710389577,0.0106058792031602,0.0104456915200081,0.0,0.7869373289610423,1000,1000,0.0032319795048867,26102045,
sinusoid,0.8,30,ssf_025,-0.0177887728032258,0.0109324503884385,0.0106266365871809,0.0,0.7822112271967742,1000,1000,0.0032598522339487,26102045,
sinusoid,0.8,30,ssf_030,-0.0213621010548249,0.0143214866800935,0.0138790263449619,0.0,0.778637898945175,1000,1000,0.0037254565283951,26102045,
sinusoid,0.8,30,ssf_adaptive,-0.0183987239014395,0.0100574916399869,0.0097287073060916,0.0,0.7816012760985604,1000,1000,0.0031190875758932,26102045,0.2
sinusoid,0.8,30,state_space,-0.1297254844955973,0.1046207605450494,0.0878799391565885,0.0,0.6702745155044026,1000,1000,0.0093744300710277,26102045,
sinusoid,0.8,60,acf_linear,0.0399776658226704,0.0064704789757762,0.0048771472404168,0.001,0.8399776658226705,999,1000,0.0022095314593113,26103042,
sinusoid,0.8,60,haar_wavelet,-0.5912416425991012,0.355687182387885,0.0061266290736754,0.0,0.2087583574008988,1000,1000,0.0024752028348552,26103042,
sinusoid,0.8,60,spline_gcv,-0.0056461445700148,0.0215366125634672,0.0215262598748365,0.0,0.7943538554299852,1000,1000,0.0046396400587584,26103042,
sinusoid,0.8,60,ssf_020,-0.0103265283314475,0.0048485237468629,0.0047466331926753,0.0,0.7896734716685526,1000,1000,0.0021786769362793,26103042,
sinusoid,0.8,60,ssf_025,-0.0116829066385433,0.0063277408085067,0.0061974479489307,0.0,0.7883170933614567,1000,1000,0.0024894674026648,26103042,
sinusoid,0.8,60,ssf_030,-0.0111340674668342,0.0068106905260901,0.0066934164842183,0.0,0.7888659325331658,1000,1000,0.0025871637915328,26103042,
sinusoid,0.8,60,ssf_adaptive,-0.0140707215218602,0.0076709499728326,0.0074804452139008,0.0,0.7859292784781399,1000,1000,0.0027350402581864,26103042,0.25
sinusoid,0.8,60,state_space,-0.0886385671083727,0.0545384939160454,0.0467284267637837,0.0,0.7113614328916273,1000,1000,0.0068358193922735,26103042,
sinusoid,0.8,90,acf_linear,0.038669411024004,0.004910020004382,0.0034181147702089,0.0,0.8386694110240042,1000,1000,0.0018488144228691,26104039,
sinusoid,0.8,90,haar_wavelet,-0.6056738246433558,0.3700028236748309,0.003165207023744,0.0,0.1943261753566442,1000,1000,0.0017791028704782,26104039,
sinusoid,0.8,90,spline_gcv,-0.0250672111427673,0.0286788593660335,0.0280785728644218,0.0,0.7749327888572327,1000,1000,0.0052989218586823,26104039,
sinusoid,0.8,90,ssf_020,-0.0098877304935266,0.0033446542169539,0.003250137139781,0.0,0.7901122695064734,1000,1000,0.0018028136730624,26104039,
sinusoid,0.8,90,ssf_025,-0.0104043891192755,0.0041631709325308,0.0040589785981837,0.0,0.7895956108807245,1000,1000,0.002014690695413,26104039,
sinusoid,0.8,90,ssf_030,-0.0118367424464309,0.005266929121724,0.0051319526025834,0.0,0.7881632575535691,1000,1000,0.0022653813371226,26104039,
sinusoid,0.8,90,ssf_adaptive,-0.0133030332911356,0.0052191078356122,0.0050471843251923,0.0,0.7866969667088645,1000,1000,0.0022465939386529,26104039,0.25
sinusoid,0.8,90,state_space,-0.0914126256706893,0.0432911638533757,0.034969865586953,0.0,0.7085873743293107,1000,1000,0.0059135324119305,26104039,
sinusoid,0.8,120,acf_linear,0.0360197180709312,0.0036639474968899,0.0023688963032839,0.0,0.8360197180709312,1000,1000,0.0015391219260617,26105036,
sinusoid,0.8,120,haar_wavelet,-0.6152158486519194,0.3811460394688666,0.0026581571935588,0.0,0.1847841513480806,1000,1000,0.0016303855965871,26105036,
sinusoid,0.8,120,spline_gcv,-0.0173388457377062,0.0300482440969378,0.0297773859113331,0.0,0.7826611542622939,1000,1000,0.0054568659422174,26105036,
sinusoid,0.8,120,ssf_020,-0.0094552739515938,0.0024148701604977,0.0023277957507488,0.0,0.7905447260484061,1000,1000,0.0015257115555532,26105036,
sinusoid,0.8,120,ssf_025,-0.0097793445012286,0.0029299705445713,0.0028371721378355,0.0,0.7902206554987713,1000,1000,0.001684390731937,26105036,
sinusoid,0.8,120,ssf_030,-0.0105778423616767,0.0036501854478151,0.003541836535322,0.0,0.7894221576383232,1000,1000,0.0018819767626944,26105036,
sinusoid,0.8,120,ssf_adaptive,-0.0115304359800954,0.0037983017178301,0.0036690197837227,0.0,0.7884695640199046,1000,1000,0.001915468554616,26105036,0.25
sinusoid,0.8,120,state_space,-0.0881129489637591,0.0316660142439696,0.0239260485173969,0.0,0.711887051036241,1000,1000,0.0048914260208447,26105036,
sinusoid,0.8,160,acf_linear,0.0377059577648389,0.0030758090353996,0.0016557255099457,0.0,0.837705957764839,1000,1000,0.0012867499795786,26106033,
sinusoid,0.8,160,haar_wavelet,-0.6392712766061825,0.4101469473161344,0.0014806628853213,0.0,0.1607287233938174,1000,1000,0.0012168249197486,26106033,
sinusoid,0.8,160,spline_gcv,-0.001954100102838,0.0283369080775805,0.0283614510213899,0.0,0.798045899897162,1000,1000,0.0053255470161655,26106033,
sinusoid,0.8,160,ssf_020,-0.005224968395427,0.0017414744195708,0.0017158900148525,0.0,0.794775031604573,1000,1000,0.0013099198505452,26106033,
sinusoid,0.8,160,ssf_025,-0.0048678601231266,0.0020521728862838,0.0020305073314369,0.0,0.7951321398768735,1000,1000,0.0014249587121867,26106033,
sinusoid,0.8,160,ssf_030,-0.0054017825553493,0.0026227453829215,0.0025961622904367,0.0,0.7945982174446508,1000,1000,0.0016112610869864,26106033,
sinusoid,0.8,160,ssf_adaptive,-0.0065084321103564,0.0026000262095996,0.0025602267478123,0.0,0.7934915678896437,1000,1000,0.0016000708571223,26106033,0.2
sinusoid,0.8,160,state_space,-0.0730585355314309,0.0184893721227798,0.0131649874962787,0.0,0.726941464468569,1000,1000,0.003628358788251,26106033,
sinusoid,0.8,200,acf_linear,0.039336835817046,0.0029490711178345,0.0014030875532905,0.0,0.8393368358170461,1000,1000,0.0011845199674511,26107030,
sinusoid,0.8,200,haar_wavelet,-0.6284469085899356,0.3962208322738368,0.0012765919495395,0.0,0.1715530914100645,1000,1000,0.0011298636862646,26107030,
sinusoid,0.8,200,spline_gcv,0.0196320164120732,0.022588284628948,0.0222250936541983,0.0,0.8196320164120733,1000,1000,0.0047143497594258,26107030,
sinusoid,0.8,200,ssf_020,-0.0003962488168007,0.0012272060145703,0.0012282772787242,0.0,0.7996037511831994,1000,1000,0.0011082767157728,26107030,
sinusoid,0.8,200,ssf_025,0.0002578659930237,0.0015291807040154,0.001530644853999,0.0,0.8002578659930238,1000,1000,0.0012371923270046,26107030,
sinusoid,0.8,200,ssf_030,-0.0001986246091803,0.0019587231916811,0.0019606443843301,0.0,0.7998013753908196,1000,1000,0.0014002301183484,26107030,
sinusoid,0.8,200,ssf_adaptive,-0.0002214042347723,0.0018843237765986,0.0018861609176812,0.0,0.7997785957652277,1000,1000,0.0013733757379833,26107030,0.25
sinusoid,0.8,200,state_space,-0.0670912537249052,0.0164735827519785,0.0119843307563552,0.0,0.732908746275095,1000,1000,0.0034618392158439,26107030,
two_peak,0.2,30,acf_linear,0.1625385844538095,0.0714004621163013,0.0450440585728133,0.278,0.3625385844538095,722,1000,0.0078986006836736,26108027,
two_peak,0.2,30,haar_wavelet,-0.1495360816607324,0.0255164271900307,0.0031585460176031,0.0,0.0504639183392675,1000,1000,0.0017772298719082,26108027,
two_peak,0.2,30,spline_gcv,0.0757923390443132,0.0440351940214885,0.0383290444080885,0.0,0.2757923390443133,1000,1000,0.0061910455020205,26108027,
two_peak,0.2,30,ssf_020,0.1375211347879831,0.0585448841909502,0.0396890384459126,0.294,0.3375211347879832,706,1000,0.0074977842284895,26108027,
two_peak,0.2,30,ssf_025,0.1294339743959365,0.0574682901824134,0.0407745746098935,0.314,0.3294339743959365,686,1000,0.007709614478559,26108027,
two_peak,0.2,30,ssf_030,0.1561670509078137,0.0698507845051854,0.0455308989332329,0.333,0.3561670509078137,667,1000,0.0082620952119425,26108027,
two_peak,0.2,30,ssf_adaptive,0.1281158129132669,0.0543600664809278,0.0380010827794495,0.305,0.3281158129132669,695,1000,0.0073944450061413,26108027,0.2
two_peak,0.2,30,state_space,-0.0063394983999839,0.0449936876082349,0.0449984968651366,0.0,0.193660501600016,1000,1000,0.0067080918945059,26108027,
two_peak,0.2,60,acf_linear,0.0955367317063996,0.037933114165928,0.0288418994350813,0.2,0.2955367317063996,800,1000,0.0060043629382184,26109024,
two_peak,0.2,60,haar_wavelet,-0.1772863971322648,0.0321089499628075,0.0006791625171856,0.0,0.0227136028677352,1000,1000,0.0008241131701323,26109024,
two_peak,0.2,60,spline_gcv,-0.0873479271190237,0.0395566574802322,0.0319589560643062,0.0,0.1126520728809762,1000,1000,0.005653225279812,26109024,
two_peak,0.2,60,ssf_020,0.0633784545479928,0.0297557828026989,0.0257718685656199,0.217,0.2633784545479928,783,1000,0.0057370954160665,26109024,
two_peak,0.2,60,ssf_025,0.088066480270817,0.0373531104254332,0.0296366593315623,0.245,0.288066480270817,755,1000,0.0062652895718624,26109024,
two_peak,0.2,60,ssf_030,0.1017948130926335,0.0427805592597957,0.0324639707517705,0.288,0.3017948130926335,712,1000,0.0067524413761989,26109024,
two_peak,0.2,60,ssf_adaptive,0.0890652762744158,0.0399901494349264,0.0321016216311971,0.272,0.2890652762744158,728,1000,0.0066404543601162,26109024,0.25
two_peak,0.2,60,state_space,-0.0452295956928165,0.028855584816418,0.0268367051950774,0.0,0.1547704043071834,1000,1000,0.0051804155427028,26109024,
two_peak,0.2,90,acf_linear,0.0643195281058159,0.0256317313335747,0.0215198403032846,0.143,0.264319528105816,857,1000,0.0050110543266604,26110021,
two_peak,0.2,90,haar_wavelet,-0.1890929505215728,0.035951186050125,0.0001952373505215,0.0,0.0109070494784271,1000,1000,0.0004418567081323,26110021,
two_peak,0.2,90,spline_gcv,-0.1285896772357315,0.0382683000325641,0.0217547496906652,0.0,0.0714103227642684,1000,1000,0.0046641987190368,26110021,
two_peak,0.2,90,ssf_020,0.0478854371091996,0.0242319557896716,0.0219658596481797,0.184,0.2478854371091996,816,1000,0.0051883471016576,26110021,
two_peak,0.2,90,ssf_025,0.0632105923146659,0.0274610320025417,0.0234951185755278,0.208,0.263210592314666,792,1000,0.0054466093817144,26110021,
two_peak,0.2,90,ssf_030,0.073145496288283,0.0312462028566281,0.0259292244983012,0.221,0.2731454962882831,779,1000,0.0057693386910763,26110021,
two_peak,0.2,90,ssf_adaptive,0.0646142626177142,0.0290259179502356,0.0248829807134003,0.224,0.2646142626177142,776,1000,0.0056626581033662,26110021,0.25
two_peak,0.2,90,state_space,-0.0572934507574885,0.0231477668545901,0.0198851124673567,0.0,0.1427065492425115,1000,1000,0.0044592726388231,26110021,
two_peak,0.2,120,acf_linear,0.0575114089058243,0.022695799976311,0.0194098042711682,0.1,0.2575114089058243,900,1000,0.0046439691202878,26111018,
two_peak,0.2,120,haar_wavelet,-0.1885970975495028,0.0357252282864582,0.0001565196019634,0.0,0.0114029024504971,1000,1000,0.0003956255830497,26111018,
two_peak,0.2,120,spline_gcv,-0.1430883128358679,0.0391511437727276,0.018695574076589,0.0,0.056911687164132,1000,1000,0.0043238378874084,26111018,
two_peak,0.2,120,ssf_020,0.0353996854201876,0.0192755114899378,0.0180434525618113,0.144,0.2353996854201877,856,1000,0.0045911653990835,26111018,
two_peak,0.2,120,ssf_025,0.0439646209432936,0.0216977105484724,0.0197883802493198,0.16,0.2439646209432937,840,1000,0.0048536167478391,26111018,
two_peak,0.2,120,ssf_030,0.0603129482133878,0.0258204003601302,0.0222098338011115,0.18,0.2603129482133878,820,1000,0.0052043408009167,26111018,
two_peak,0.2,120,ssf_adaptive,0.0589596512313881,0.0254540308628545,0.0220051599915071,0.196,0.2589596512313882,804,1000,0.0052315965038873,26111018,0.25
two_peak,0.2,120,state_space,-0.056649385207937,0.0214303953979985,0.0182394820355969,0.0,0.1433506147920629,1000,1000,0.0042707706606181,26111018,
two_peak,0.2,160,acf_linear,0.0366838739359043,0.0191689416275365,0.0178429728223858,0.096,0.2366838739359043,904,1000,0.0044427245913599,26112015,
two_peak,0.2,160,haar_wavelet,-0.197157938743283,0.0388864880212278,1.5250462189898265e-05,0.0,0.0028420612567169,1000,1000,0.0001234927616903,26112015,
two_peak,0.2,160,spline_gcv,-0.1637055533972442,0.0376000603107144,0.0108113634610775,0.0,0.0362944466027557,1000,1000,0.0032880637860414,26112015,
two_peak,0.2,160,ssf_020,0.0221128038926683,0.0154099628766453,0.0149381570761395,0.13,0.2221128038926683,870,1000,0.0041437055264359,26112015,
two_peak,0.2,160,ssf_025,0.0290002957780612,0.0173908022031535,0.0165692096782764,0.147,0.2290002957780612,853,1000,0.0044073382372987,26112015,
two_peak,0.2,160,ssf_030,0.0443879297999747,0.0204198787446669,0.0184720899332671,0.179,0.2443879297999747,821,1000,0.0047433638409604,26112015,
two_peak,0.2,160,ssf_adaptive,0.0379197062396754,0.0210702587732568,0.0196560080912932,0.169,0.2379197062396754,831,1000,0.0048634801675038,26112015,0.25
two_peak,0.2,160,state_space,-0.0718686408239489,0.0207359422455872,0.0155864271388442,0.0,0.1281313591760511,1000,1000,0.0039479649363747,26112015,
two_peak,0.2,200,acf_linear,0.0326252981969566,0.016030907842729,0.0149825390226255,0.066,0.2326252981969566,934,1000,0.0040051544710358,26113012,
two_peak,0.2,200,haar_wavelet,-0.1944251241381623,0.0378454665354028,4.438202128431312e-05,0.0,0.0055748758618377,1000,1000,0.0002106704091331,26113012,
two_peak,0.2,200,spline_gcv,-0.1708785514978939,0.0392036761720951,0.0100142110210978,0.0,0.029121448502106,1000,1000,0.0031645238221725,26113012,
two_peak,0.2,200,ssf_020,0.0150410660055724,0.012824660147793,0.0126123166978365,0.092,0.2150410660055725,908,1000,0.0037269580930798,26113012,
two_peak,0.2,200,ssf_025,0.0190855831066929,0.0140704709823605,0.0137218400192221,0.122,0.2190855831066929,878,1000,0.0039532922209317,26113012,
two_peak,0.2,200,ssf_030,0.0279257482416792,0.0173054856676066,0.0165448317931122,0.138,0.2279257482416792,862,1000,0.0043810432962068,26113012,
two_peak,0.2,200,ssf_adaptive,0.0305060062919771,0.0172714554213126,0.0163598399770095,0.139,0.2305060062919771,861,1000,0.0043590108491553,26113012,0.25
two_peak,0.2,200,state_space,-0.07495460437946,0.0199007862531158,0.0142968904258603,0.0,0.1250453956205399,1000,1000,0.0037811229054158,26113012,
two_peak,0.4,30,acf_linear,0.0887094623538627,0.0575317712483274,0.0497173388232085,0.095,0.4887094623538627,905,1000,0.0074119016448206,26114009,
two_peak,0.4,30,haar_wavelet,-0.3238508129660709,0.1104301147994188,0.0055563220626964,0.0,0.076149187033929,1000,1000,0.0023571851990661,26114009,
two_peak,0.4,30,spline_gcv,0.0292299826491887,0.0408510651619264,0.0400367099862408,0.0,0.4292299826491887,1000,1000,0.0063274568340084,26114009,
two_peak,0.4,30,ssf_020,0.0436451017750763,0.0442014764464599,0.0423431124302836,0.09,0.4436451017750764,910,1000,0.0068213556409654,26114009,
two_peak,0.4,30,ssf_025,0.0380040095388019,0.0445083231066372,0.043111708308431,0.096,0.438004009538802,904,1000,0.0069057905281771,26114009,
two_peak,0.4,30,ssf_030,0.0603062560781154,0.0520408689254267,0.0484601124964347,0.136,0.4603062560781155,864,1000,0.0074891984328878,26114009,
two_peak,0.4,30,ssf_adaptive,0.0344115326115461,0.0411345751531349,0.0399948603101373,0.1,0.4344115326115461,900,1000,0.0066662383454186,26114009,0.2
two_peak,0.4,30,state_space,-0.0766337951094977,0.081375738198319,0.0755785782236582,0.0,0.3233662048905022,1000,1000,0.0086935940912638,26114009,
two_peak,0.4,60,acf_linear,0.041502292530808,0.034502399540601,0.0328135797263193,0.024,0.4415022925308081,976,1000,0.0057983162237898,26115006,
two_peak,0.4,60,haar_wavelet,-0.3657105079655864,0.1349480410882544,0.0012050705223294,0.0,0.0342894920344135,1000,1000,0.0010977570415758,26115006,
two_peak,0.4,60,spline_gcv,-0.0374068796155659,0.0946924946160411,0.0933866065800477,0.0,0.3625931203844341,1000,1000,0.0096636745899294,26115006,
two_peak,0.4,60,ssf_020,-0.0081068338536167,0.0296297233701865,0.0295947984511137,0.039,0.3918931661463833,961,1000,0.0055493996123319,26115006,
two_peak,0.4,60,ssf_025,0.0053026296441599,0.0345767266321278,0.034585323531804,0.058,0.40530262964416,942,1000,0.0060592723011368,26115006,
two_peak,0.4,60,ssf_030,0.0139885768582935,0.036950462422156,0.0367946031387034,0.076,0.4139885768582935,924,1000,0.0063103881867806,26115006,
two_peak,0.4,60,ssf_adaptive,0.006527359064824,0.035472278433748,0.0354674838338409,0.062,0.406527359064824,938,1000,0.0061491313576787,26115006,0.25
two_peak,0.4,60,state_space,-0.1136181572820173,0.0590901106388826,0.0462272522269483,0.0,0.2863818427179826,1000,1000,0.0067990625991344,26115006,
two_peak,0.4,90,acf_linear,0.0482989075738614,0.0262974771283005,0.023988850611778,0.007,0.4482989075738615,993,1000,0.0049150743947492,26116003,
two_peak,0.4,90,haar_wavelet,-0.377184317639966,0.1427424589384519,0.0004749243893144,0.0,0.0228156823600339,1000,1000,0.0006891475816648,26116003,
two_peak,0.4,90,spline_gcv,-0.0346519856247326,0.100339920112635,0.0992383984033017,0.0,0.3653480143752673,1000,1000,0.0099618471381216,26116003,
two_peak,0.4,90,ssf_020,-0.0038556550093158,0.0204988186087931,0.0205048758759728,0.02,0.3961443449906841,980,1000,0.0045742040543229,26116003,
two_peak,0.4,90,ssf_025,0.0005164373001458,0.0232638789324814,0.0232875706309954,0.028,0.4005164373001459,972,1000,0.0048947324747085,26116003,
two_peak,0.4,90,ssf_030,0.0097575702524901,0.0253629302731623,0.025294317696031,0.049,0.4097575702524901,951,1000,0.0051572861178122,26116003,
two_peak,0.4,90,ssf_adaptive,0.0076661611531545,0.0242822674350738,0.0242489958265722,0.049,0.4076661611531545,951,1000,0.0050495958575386,26116003,0.2
two_peak,0.4,90,state_space,-0.1124478203823923,0.0498087746623969,0.0372014638174636,0.0,0.2875521796176077,1000,1000,0.0060993002727742,26116003,
two_peak,0.4,120,acf_linear,0.0429671677422451,0.0211991670547882,0.0193724007742186,0.002,0.4429671677422451,998,1000,0.0044058169753928,26117000,
two_peak,0.4,120,haar_wavelet,-0.3779507735521931,0.1432284749043327,0.0003820697453769,0.0,0.0220492264478069,1000,1000,0.0006181179057242,26117000,
two_peak,0.4,120,spline_gcv,-0.0297590570386197,0.1023746548655515,0.1015906440337574,0.0,0.3702409429613802,1000,1000,0.0100792184237547,26117000,
two_peak,0.4,120,ssf_020,-0.0084370389030051,0.0169084359143398,0.0168542253254705,0.007,0.3915629610969949,993,1000,0.0041198345332721,26117000,
two_peak,0.4,120,ssf_025,-0.0093253917805321,0.020219120790285,0.0201525345364189,0.011,0.3906746082194678,989,1000,0.0045140533885142,26117000,
two_peak,0.4,120,ssf_030,-0.0050120585836292,0.022743080532751,0.0227412125750994,0.022,0.3949879414163706,978,1000,0.0048221129802371,26117000,
two_peak,0.4,120,ssf_adaptive,-0.0023448379004221,0.0217018561626695,0.021718633419346,0.025,0.3976551620995778,975,1000,0.0047196950596134,26117000,0.25
two_peak,0.4,120,state_space,-0.1129729955439721,0.0438156887068213,0.0310838748595024,0.0,0.2870270044560279,1000,1000,0.0055752914596012,26117000,
two_peak,0.4,160,acf_linear,0.0386284767424953,0.0156341760770143,0.0141561872191456,0.001,0.4386284767424954,999,1000,0.0037643535403469,26117997,
two_peak,0.4,160,haar_wavelet,-0.3920015576963431,0.1537360393475506,7.088900019146236e-05,0.0,0.0079984423036569,1000,1000,0.0002662498829886,26117997,
two_peak,0.4,160,spline_gcv,0.0072243134738277,0.0996647431105614,0.0997122646700633,0.0,0.4072243134738277,1000,1000,0.009985602869635,26117997,
two_peak,0.4,160,ssf_020,-0.0098427686136026,0.0123612295497783,0.0122766383831078,0.001,0.3901572313863973,999,1000,0.0035055566334632,26117997,
two_peak,0.4,160,ssf_025,-0.0094849878055477,0.014906329114516,0.0148312999717729,0.007,0.3905150121944523,993,1000,0.0038646928633813,26117997,
two_peak,0.4,160,ssf_030,-0.0113149946429402,0.0177482589209594,0.017638046025296,0.01,0.3886850053570597,990,1000,0.0042209250297013,26117997,
two_peak,0.4,160,ssf_adaptive,-0.0113796959311515,0.0167677244152876,0.0166550332256363,0.009,0.3886203040688484,991,1000,0.0040995475157806,26117997,0.2
two_peak,0.4,160,state_space,-0.1261255080259606,0.042557196479056,0.0266762289331825,0.0,0.2738744919740394,1000,1000,0.0051649035744322,26117997,
two_peak,0.4,200,acf_linear,0.0481777012701343,0.015129890146262,0.0128216208674552,0.0,0.4481777012701344,1000,1000,0.0035807290971888,26118994,
two_peak,0.4,200,haar_wavelet,-0.3891479419565437,0.1515233571457543,8.732374048133299e-05,0.0,0.0108520580434562,1000,1000,0.0002955059060007,26118994,
two_peak,0.4,200,spline_gcv,0.0708439713468343,0.0936149909709856,0.0886848075022968,0.0,0.4708439713468343,1000,1000,0.0094172611465487,26118994,
two_peak,0.4,200,ssf_020,0.0010751611593407,0.0107314975884433,0.0107410934622322,0.001,0.4010751611593406,999,1000,0.0032790006568373,26118994,
two_peak,0.4,200,ssf_025,0.0015262669886764,0.0129802088081079,0.0129908962472947,0.002,0.4015262669886765,998,1000,0.0036078982950617,26118994,
two_peak,0.4,200,ssf_030,-0.000729934421757,0.0170970166571326,0.0171137008557455,0.006,0.3992700655782429,994,1000,0.0041493376426826,26118994,
two_peak,0.4,200,ssf_adaptive,0.0004132315466299,0.0149203320347739,0.0149351714970729,0.005,0.4004132315466299,995,1000,0.0038743028547241,26118994,0.25
two_peak,0.4,200,state_space,-0.1134665847635396,0.0369811833068645,0.02413064809706,0.0,0.2865334152364603,1000,1000,0.004912295603591,26118994,
two_peak,0.6,30,acf_linear,0.0482362480006278,0.0382796101924715,0.0359893379329276,0.013,0.648236248000628,987,1000,0.0060384900127574,26119991,
two_peak,0.6,30,haar_wavelet,-0.4676600787784549,0.2291447459375204,0.0104492459003501,0.0,0.132339921221545,1000,1000,0.0032325293348011,26119991,
two_peak,0.6,30,spline_gcv,-0.0068956942719468,0.0283363171513755,0.0283170836355189,0.0,0.5931043057280531,1000,1000,0.005321379861983,26119991,
two_peak,0.6,30,ssf_020,-0.0115212100836783,0.0318625921837579,0.0317621324918964,0.016,0.5884787899163216,984,1000,0.0056814249912138,26119991,
two_peak,0.6,30,ssf_025,-0.0229639792445857,0.0339636538724598,0.0334701862364311,0.012,0.5770360207554143,988,1000,0.0058203699811125,26119991,
two_peak,0.6,30,ssf_030,-0.0250974678450463,0.0406212878259592,0.0400324638710297,0.025,0.5749025321549537,975,1000,0.0064077248149105,26119991,
two_peak,0.6,30,ssf_adaptive,-0.024577808621498,0.0327259337425598,0.0321545092377398,0.015,0.5754221913785019,985,1000,0.0057135078380067,26119991,0.2
two_peak,0.6,30,state_space,-0.1100110622697398,0.0977279141153699,0.0857111914851385,0.0,0.4899889377302601,1000,1000,0.0092580338887443,26119991,
two_peak,0.6,60,acf_linear,0.0617682236193193,0.0229488847982045,0.0191528010690671,0.004,0.6617682236193194,996,1000,0.0043851704583587,26120988,
two_peak,0.6,60,haar_wavelet,-0.5227468421841631,0.2765166435911207,0.0032556382158222,0.0,0.0772531578158368,1000,1000,0.0018043387198146,26120988,
two_peak,0.6,60,spline_gcv,0.0456691801755004,0.0316587757692013,0.0296027044557548,0.0,0.6456691801755003,1000,1000,0.0054408367422442,26120988,
two_peak,0.6,60,ssf_020,-0.0125649218832618,0.0165550078276161,0.0164135441097934,0.0,0.5874350781167381,1000,1000,0.0040513632409095,26120988,
two_peak,0.6,60,ssf_025,-0.01402717160876,0.0218807895814908,0.0217057337719211,0.0,0.58597282839124,1000,1000,0.0046589412715681,26120988,
two_peak,0.6,60,ssf_030,-0.0184363651333502,0.0252264505811293,0.0249115375188089,0.003,0.5815636348666496,997,1000,0.0049986495186038,26120988,
two_peak,0.6,60,ssf_adaptive,-0.0218259447771417,0.0261359621005082,0.025685378767993,0.004,0.5781740552228583,996,1000,0.005078241122632,26120988,0.25
two_peak,0.6,60,state_space,-0.0927082789152619,0.0595952289223039,0.0510514553982721,0.0,0.5072917210847381,1000,1000,0.0071450301187799,26120988,
two_peak,0.6,90,acf_linear,0.0602734448759305,0.016710300784515,0.0130905031304336,0.0,0.6602734448759305,1000,1000,0.0036180800337241,26121985,
two_peak,0.6,90,haar_wavelet,-0.5398317997233729,0.2928522357166184,0.0014352990230657,0.0,0.0601682002766271,1000,1000,0.001198039658386,26121985,
two_peak,0.6,90,spline_gcv,0.0626562230907518,0.0189474138382003,0.0150366481943966,0.0,0.6626562230907518,1000,1000,0.0038777117214146,26121985,
two_peak,0.6,90,ssf_020,-0.0107295082400721,0.0124219541145475,0.0123191509183921,0.0,0.5892704917599279,1000,1000,0.0035098648005859,26121985,
two_peak,0.6,90,ssf_025,-0.0129287243204239,0.0151262946249567,0.0149741168292324,0.0,0.5870712756795761,1000,1000,0.0038696404005065,26121985,
two_peak,0.6,90,ssf_030,-0.0161444499025016,0.0187185879786233,0.018476439650554,0.001,0.5838555500974983,999,1000,0.0043005737506917,26121985,
two_peak,0.6,90,ssf_adaptive,-0.0154158503005409,0.0176085507609162,0.0173883254922634,0.002,0.5845841496994589,998,1000,0.0041741073100646,26121985,0.25
two_peak,0.6,90,state_space,-0.0952132392660191,0.0452446635910547,0.036215317977504,0.0,0.504786760733981,1000,1000,0.0060179164149649,26121985,
two_peak,0.6,120,acf_linear,0.0669149416368161,0.0144812552503909,0.010013659495628,0.0,0.6669149416368161,1000,1000,0.0031644366790359,26122982,
two_peak,0.6,120,haar_wavelet,-0.5359872823896714,0.2886174220608122,0.0013363915689156,0.0,0.0640127176103284,1000,1000,0.0011560240347482,26122982,
two_peak,0.6,120,spline_gcv,0.0729783390561207,0.0112952352645339,0.0059753726658096,0.0,0.6729783390561208,1000,1000,0.0024444575401936,26122982,
two_peak,0.6,120,ssf_020,-0.0068366146603368,0.0096477002269653,0.0096105714984499,0.0,0.5931633853396632,1000,1000,0.0031000921757989,26122982,
two_peak,0.6,120,ssf_025,-0.0080742894687202,0.0114577213201363,0.0114039311008124,0.0,0.5919257105312797,1000,1000,0.0033769706988383,26122982,
two_peak,0.6,120,ssf_030,-0.0107545429698914,0.0141546389386149,0.0140530317758996,0.0,0.5892454570301084,1000,1000,0.0037487373575511,26122982,
two_peak,0.6,120,ssf_adaptive,-0.0120736530144699,0.0145220831520268,0.0143907007556687,0.0,0.58792634698553,1000,1000,0.0037935077112968,26122982,0.25
two_peak,0.6,120,state_space,-0.0774006229580381,0.0307100983435294,0.0247439858951322,0.0,0.5225993770419618,1000,1000,0.004974332708528,26122982,
two_peak,0.6,160,acf_linear,0.0686510840800425,0.0120076670929113,0.0073019977452916,0.0,0.6686510840800426,1000,1000,0.0027022208912839,26123979,
two_peak,0.6,160,haar_wavelet,-0.5682688345222198,0.3232968836580636,0.0003677831519735,0.0,0.0317311654777801,1000,1000,0.0006064512774935,26123979,
two_peak,0.6,160,spline_gcv,0.0746932871408483,0.0107749037004331,0.0052010175741019,0.0,0.6746932871408484,1000,1000,0.0022805739571656,26123979,
two_peak,0.6,160,ssf_020,-0.0075363653362759,0.0063657783855809,0.0063152968799791,0.0,0.5924636346637241,1000,1000,0.0025130254435598,26123979,
two_peak,0.6,160,ssf_025,-0.006939869387793,0.0077241861025514,0.0076837080234553,0.0,0.593060130612207,1000,1000,0.0027719502202339,26123979,
two_peak,0.6,160,ssf_030,-0.0076313256740262,0.0100878612654705,0.0100396637977252,0.0,0.5923686743259736,1000,1000,0.0031685428508583,26123979,
two_peak,0.6,160,ssf_adaptive,-0.0092846739330351,0.0093697207180624,0.009292808356376,0.0,0.5907153260669649,1000,1000,0.0030484107919334,26123979,0.25
two_peak,0.6,160,state_space,-0.0759704984137005,0.0248675488738624,0.0191151473920284,0.0,0.5240295015862995,1000,1000,0.0043720873037976,26123979,
two_peak,0.6,200,acf_linear,0.0656065225778695,0.0103191853866365,0.0060209905724484,0.0,0.6656065225778696,1000,1000,0.0024537706845686,26124976,
two_peak,0.6,200,haar_wavelet,-0.5680002266195094,0.3229867330032433,0.0003628384018311,0.0,0.0319997733804905,1000,1000,0.0006023606908083,26124976,
two_peak,0.6,200,spline_gcv,0.0774029099958057,0.0075256379969074,0.0015359634845731,0.0,0.6774029099958057,1000,1000,0.0012393399390696,26124976,
two_peak,0.6,200,ssf_020,-0.0048497040455585,0.0052567541957716,0.0052384730394816,0.0,0.5951502959544414,1000,1000,0.0022887710762506,26124976,
two_peak,0.6,200,ssf_025,-0.0051146859700174,0.0063223366181013,0.006302479084614,0.0,0.5948853140299826,1000,1000,0.002510473876505,26124976,
two_peak,0.6,200,ssf_030,-0.0050158248400466,0.0084490259294945,0.0084322997303989,0.0,0.5949841751599534,1000,1000,0.002903842235797,26124976,
two_peak,0.6,200,ssf_adaptive,-0.0075755840769423,0.008488935134282,0.008439985645821,0.0,0.5924244159230575,1000,1000,0.0029051653388096,26124976,0.25
two_peak,0.6,200,state_space,-0.0785879065512033,0.0212207676646345,0.0150597683769107,0.0,0.5214120934487966,1000,1000,0.0038806917394854,26124976,
two_peak,0.8,30,acf_linear,0.0668782514340231,0.0134349583909528,0.0089721499929413,0.093,0.8668782514340232,907,1000,0.0031451735820167,26125973,
two_peak,0.8,30,haar_wavelet,-0.5276055353241683,0.292197288108884,0.0138435307349168,0.0,0.2723944646758317,1000,1000,0.0037206895509994,26125973,
two_peak,0.8,30,spline_gcv,-0.0099805529892355,0.0133815134876571,0.0132951972469331,0.0,0.7900194470107644,1000,1000,0.0036462579786588,26125973,
two_peak,0.8,30,ssf_020,-0.0137957089221981,0.0099240986040774,0.0097435205399513,0.0,0.786204291077802,1000,1000,0.0031214612827891,26125973,
two_peak,0.8,30,ssf_025,-0.0168422082019837,0.0096634409486645,0.0093891701416872,0.0,0.7831577917980164,1000,1000,0.0030641752792043,26125973,
two_peak,0.8,30,ssf_030,-0.0230722939829981,0.0133885313777439,0.0128690696978038,0.0,0.7769277060170018,1000,1000,0.0035873485609575,26125973,
two_peak,0.8,30,ssf_adaptive,-0.0202303746233718,0.0095994654160782,0.0091993967554317,0.0,0.7797696253766282,1000,1000,0.0030330507340682,26125973,0.2
two_peak,0.8,30,state_space,0.0075799140763078,0.0342960388343195,0.0342728565935088,0.0,0.8075799140763079,1000,1000,0.0058543024002445,26125973,
two_peak,0.8,60,acf_linear,0.0799175495809702,0.0114272367920506,0.0050456398892442,0.033,0.8799175495809702,967,1000,0.0022842566012866,26126970,
two_peak,0.8,60,haar_wavelet,-0.6147276432908082,0.3841160894026039,0.0062322462229557,0.0,0.1852723567091918,1000,1000,0.0024964467194305,26126970,
two_peak,0.8,60,spline_gcv,0.0154666957679027,0.0114356754664111,0.0112076644528871,0.0,0.8154666957679029,1000,1000,0.0033477850069691,26126970,
two_peak,0.8,60,ssf_020,-0.0040247591050643,0.0043717508680442,0.0043599120942847,0.0,0.7959752408949358,1000,1000,0.0020880402520748,26126970,
two_peak,0.8,60,ssf_025,-0.003909568426541,0.0056498293720542,0.005640184831604,0.0,0.7960904315734589,1000,1000,0.0023749073311613,26126970,
two_peak,0.8,60,ssf_030,-0.0059173914296892,0.0064280099148549,0.00639939378731,0.0,0.7940826085703108,1000,1000,0.0025297023119944,26126970,
two_peak,0.8,60,ssf_adaptive,-0.0076326493841593,0.0070799723094815,0.0070287437165766,0.0,0.7923673506158406,1000,1000,0.002651177797994,26126970,0.25
two_peak,0.8,60,state_space,0.0154832384743844,0.0167122777817067,0.0164890361441962,0.0,0.8154832384743845,1000,1000,0.0040606694206985,26126970,
two_peak,0.8,90,acf_linear,0.0835132321945157,0.0104252544444648,0.0034542907385765,0.012,0.8835132321945158,988,1000,0.0018698250417668,26127967,
two_peak,0.8,90,haar_wavelet,-0.6310017331496558,0.4012835585015055,0.0031234947583943,0.0,0.1689982668503441,1000,1000,0.0017673411550672,26127967,
two_peak,0.8,90,spline_gcv,0.0118974170647852,0.0122742028937154,0.012144799160062,0.0,0.8118974170647852,1000,1000,0.0034849389033471,26127967,
two_peak,0.8,90,ssf_020,-0.009028467704416,0.0035175226759307,0.0034394488957367,0.0,0.790971532295584,1000,1000,0.0018545751253957,26127967,
two_peak,0.8,90,ssf_025,-0.0075780480623762,0.0040144958592209,0.0039610300768621,0.0,0.7924219519376238,1000,1000,0.0019902336739343,26127967,
two_peak,0.8,90,ssf_030,-0.0085180873806598,0.0050581950073407,0.0049906278225387,0.0,0.7914819126193402,1000,1000,0.0022339713119328,26127967,
two_peak,0.8,90,ssf_adaptive,-0.0094202050135499,0.0049512833421225,0.0048674104901153,0.0,0.7905797949864503,1000,1000,0.0022062208615901,26127967,0.2
two_peak,0.8,90,state_space,0.0171486200238292,0.008883422101409,0.0085979448775648,0.0,0.8171486200238294,1000,1000,0.0029322252433203,26127967,
two_peak,0.8,120,acf_linear,0.0819350066960123,0.0095354261575069,0.0028249170973773,0.004,0.8819350066960124,996,1000,0.0016841205853385,26128964,
two_peak,0.8,120,haar_wavelet,-0.6324445061398805,0.4025399206460373,0.0025564237232432,0.0,0.1675554938601195,1000,1000,0.0015988820229282,26128964,
two_peak,0.8,120,spline_gcv,0.0415955662291572,0.0096252445199682,0.0079029563463904,0.0,0.8415955662291573,1000,1000,0.0028112197257401,26128964,
two_peak,0.8,120,ssf_020,-0.006119288592365,0.0025210974482719,0.0024861378932885,0.0,0.7938807114076349,1000,1000,0.0015767491535715,26128964,
two_peak,0.8,120,ssf_025,-0.0074509142550819,0.0032190530405175,0.0031667036209018,0.0,0.792549085744918,1000,1000,0.0017795234252186,26128964,
two_peak,0.8,120,ssf_030,-0.0087868234280411,0.0038249056928987,0.003751448875819,0.0,0.7912131765719589,1000,1000,0.0019368657351037,26128964,
two_peak,0.8,120,ssf_adaptive,-0.0089125698062382,0.0038287394099819,0.0037530585679988,0.0,0.7910874301937617,1000,1000,0.0019372812310036,26128964,0.25
two_peak,0.8,120,state_space,0.0117625885603697,0.0065898647818806,0.0064579642564965,0.0,0.8117625885603699,1000,1000,0.0025412524975878,26128964,
two_peak,0.8,160,acf_linear,0.091915411161928,0.0105411175670938,0.0020947737297006,0.002,0.8919154111619281,998,1000,0.0014487828246658,26129961,
two_peak,0.8,160,haar_wavelet,-0.6874086001482899,0.4737435693338882,0.0012141999760327,0.0,0.1125913998517101,1000,1000,0.0011019074262535,26129961,
two_peak,0.8,160,spline_gcv,0.0477202357292054,0.009500134792845,0.0072301440388329,0.0,0.8477202357292055,1000,1000,0.0026888927161255,26129961,
two_peak,0.8,160,ssf_020,-0.0079798498167565,0.0019511543325031,0.0018893656951002,0.0,0.7920201501832435,1000,1000,0.0013745419946659,26129961,
two_peak,0.8,160,ssf_025,-0.0063504949562329,0.0023752522964511,0.002337260771033,0.0,0.7936495050437672,1000,1000,0.0015288102469021,26129961,
two_peak,0.8,160,ssf_030,-0.0066988394503676,0.0029322491228866,0.0028902649378426,0.0,0.7933011605496324,1000,1000,0.0017000779211091,26129961,
two_peak,0.8,160,ssf_adaptive,-0.00802890765464,0.0029266104683256,0.0028650121223212,0.0,0.7919710923453599,1000,1000,0.0016926346688878,26129961,0.25
two_peak,0.8,160,state_space,0.0254504575054413,0.0054345677814798,0.0047916336278714,0.0,0.8254504575054413,1000,1000,0.0021889800428216,26129961,
two_peak,0.8,200,acf_linear,0.0885753805828373,0.0094288554437008,0.0015848454197691,0.002,0.8885753805828372,998,1000,0.0012601672360026,26130958,
two_peak,0.8,200,haar_wavelet,-0.6844112247222212,0.469608262503613,0.0011907287065488,0.0,0.1155887752777788,1000,1000,0.001091205162446,26130958,
two_peak,0.8,200,spline_gcv,0.0587061817638046,0.0092786199702219,0.0058380422351722,0.0,0.8587061817638046,1000,1000,0.0024162040963404,26130958,
two_peak,0.8,200,ssf_020,-0.0047144213723841,0.0014139413926087,0.0013931087324648,0.0,0.795285578627616,1000,1000,0.0011803002721616,26130958,
two_peak,0.8,200,ssf_025,-0.0042359618819812,0.0016048583531309,0.0015885034835489,0.0,0.7957640381180188,1000,1000,0.0012603584742242,26130958,
two_peak,0.8,200,ssf_030,-0.0056187522230545,0.0021530729324219,0.0021236261820599,0.0,0.7943812477769454,1000,1000,0.0014572666818602,26130958,
two_peak,0.8,200,ssf_adaptive,-0.0054697997078384,0.0020873819980482,0.0020595228120163,0.0,0.7945302002921617,1000,1000,0.0014351037635015,26130958,0.25
two_peak,0.8,200,state_space,0.0192822699032454,0.0038732402806502,0.0035049392873159,0.0,0.8192822699032455,1000,1000,0.001872148308045,26130958,
