fidelity,fidelity_sd,fidelity_mcse,fidelity_nvalid,rmse,rmse_sd,rmse_mcse,rmse_nvalid,bias,bias_sd,bias_mcse,bias_nvalid,icc,icc_sd,icc_mcse,icc_nvalid,sign_accuracy,sign_accuracy_sd,sign_accuracy_mcse,sign_accuracy_nvalid,replications,n_obs,n_cycles,total_span_days,factor,level,seed
0.5744643271731242,0.1041206100841535,0.0032925827923222,1000,0.731757271485304,0.0521574058074868,0.0016493619919735,1000,0.0590962879445915,0.1169300777791959,0.003697653727629,1000,0.4332811377907364,0.0881488041559901,0.0027875099415304,1000,0.7332820512820513,0.0693147814264536,0.0021919258482432,1000,1000,10,1,28.0,reference,reference,26083211
0.6934167655035107,0.0840673239792657,0.0026584422056976,1000,0.6960137809867615,0.0386560055957388,0.0012224102292674,1000,0.0584197825933573,0.1135877156279964,0.0035919589559997,1000,0.4543894289420869,0.0695964074017455,0.0022008316435451,1000,0.7926153846153846,0.0657472639420463,0.0020791110398112,1000,1000,20,1,28.0,reference,reference,26083221
0.7479145989697422,0.0677329296178681,0.0021419033018834,1000,0.6877781116116823,0.0331913724438689,0.0010496033558957,1000,0.0605683616964313,0.1066429833627686,0.0033723472390179,1000,0.4602947205840381,0.0588343632213186,0.00186050592465,1000,0.8239230769230771,0.0601817312453449,0.0019031134426741,1000,1000,30,1,28.0,reference,reference,26083231
0.7844877975677185,0.0562321827779574,0.0017782177538123,1000,0.6819768528469505,0.0302450175599883,0.0009564314336135,1000,0.0520931119082829,0.1102914990154375,0.00348772343443,1000,0.4643416518534529,0.0521950651742865,0.0016505528857167,1000,0.8447179487179488,0.0568501483612092,0.0017977595413991,1000,1000,40,1,28.0,reference,reference,26083241
0.8118760864160282,0.0473859670661634,0.001498475850588,1000,0.6789524344207515,0.0264803520982233,0.000837382258736,1000,0.0583899646779909,0.1071432170037799,0.0033881660156962,1000,0.464826292224493,0.0457910034890036,0.0014480386736996,1000,0.8652307692307692,0.0537413929433145,0.0016994520633097,1000,1000,56,1,28.0,reference,reference,26083257
0.5367227189733236,0.1181969019602339,0.0037377142256996,1000,0.7534124716945049,0.0563073448765389,0.0017805945880647,1000,0.099304430085815,0.1192958025029102,0.0037724645120681,1000,0.3974466640117191,0.095536011496817,0.0030211139489797,1000,0.7127435897435899,0.0715820315099979,0.0022636225911353,1000,1000,10,2,56.0,reference,reference,26083311
0.6988055958334073,0.0820188511102675,0.0025936638057867,1000,0.6947691326492413,0.0395461835006504,0.0012505601262902,1000,0.0606910606834678,0.113912111710903,0.0036022172608599,1000,0.4591811147770719,0.0686147656175618,0.002169789404701,1000,0.7952051282051285,0.0658001697430131,0.0020807840681361,1000,1000,20,2,56.0,reference,reference,26083321
0.7494011463046845,0.0647468249310529,0.002047474380463,1000,0.6871006357614631,0.0332823484635367,0.0010524802702418,1000,0.0550767394089598,0.1136798659945105,0.0035948730064537,1000,0.4616698804959894,0.0571721824242964,0.0018079431526342,1000,0.8225384615384617,0.0614127749362873,0.0019420424622996,1000,1000,30,2,56.0,reference,reference,26083331
0.7841168098248511,0.0570710625383495,0.0018047454610709,1000,0.6815794274661124,0.0301756592570445,0.000954238131494,1000,0.058306629444417,0.1102245456001506,0.0034856061815356,1000,0.4651801164186716,0.0518873785966978,0.0016408229818103,1000,0.8449487179487182,0.0579049692521857,0.0018311159067892,1000,1000,40,2,56.0,reference,reference,26083341
0.8120560315915132,0.0484381869467212,0.0015317499648067,1000,0.677760979691994,0.0273090096454765,0.0008635867112321,1000,0.056877839280705,0.1079095340672772,0.0034123990890012,1000,0.4652905429109485,0.0471896260613508,0.001492267002855,1000,0.8634102564102567,0.0555100535685024,0.0017553820231442,1000,1000,56,2,56.0,reference,reference,26083357
0.5725033366783054,0.1067808983637765,0.0033767084942848,1000,0.7315734030320422,0.0534761589934091,0.0016910646293647,1000,0.065355597799822,0.1166568766320335,0.0036890143487849,1000,0.4316443215159199,0.0894860198856749,0.0028297964158185,1000,0.7341794871794872,0.070173078039415,0.0022190675702929,1000,1000,10,3,84.0,reference,reference,26083411
0.6945341116635358,0.0795993956797428,0.0025171539072095,1000,0.6969529629038843,0.0384297069411846,0.0012152540374692,1000,0.0516796925557693,0.1097624213283506,0.0034709925289263,1000,0.4563472495163244,0.0669543638504782,0.0021172828905515,1000,0.7933589743589745,0.0658436032391669,0.002082157555882,1000,1000,20,3,84.0,reference,reference,26083421
0.7505707699753457,0.061991145521019,0.0019603321460936,1000,0.6863405649180557,0.0310864419262572,0.0009830396083752,1000,0.0662753412540798,0.1069762944497404,0.00338288746106,1000,0.4623344285332983,0.0546680890912707,0.0017287567685742,1000,0.8251282051282053,0.0563894858989249,0.0017831921152655,1000,1000,30,3,84.0,reference,reference,26083431
0.7831797415466308,0.0564804599641185,0.0017860689678056,1000,0.6821628051036213,0.0301327371933735,0.0009528808166633,1000,0.0509404522388285,0.1059857560811257,0.0033515638875139,1000,0.4638088637765206,0.0520931995506213,0.0016473316118562,1000,0.8451794871794873,0.0569293452628911,0.0018002639673285,1000,1000,40,3,84.0,reference,reference,26083441
0.8125895049943304,0.047522961697206,0.0015028080012011,1000,0.6783186713588052,0.0260489811388843,0.0008237411112564,1000,0.0590925893988572,0.1064774832921392,0.0033671136672568,1000,0.4648399571624081,0.0467446048447827,0.0014781941963405,1000,0.8648974358974361,0.0523026631556693,0.0016539554326448,1000,1000,56,3,84.0,reference,reference,26083457
0.5358601584526634,0.115953092510934,0.0036667587407476,1000,0.7542907504077427,0.0524802278771808,0.0016595705221655,1000,0.0960295149714635,0.1229487837081156,0.0038879819206504,1000,0.3958762863021489,0.0939537286502497,0.002971077772002,1000,0.7132051282051282,0.0725545059423079,0.0022943749328591,1000,1000,10,4,112.0,reference,reference,26083511
0.6538509442476748,0.0861467780596749,0.0027242003175359,1000,0.7240363163281197,0.0389769205205076,0.0012325584502415,1000,0.0922360061737095,0.1085553970100319,0.0034328230685553,1000,0.4126345748040418,0.0684532603241006,0.0021646821588859,1000,0.7674615384615385,0.064494012818185,0.0020394797594955,1000,1000,20,4,112.0,reference,reference,26083521
0.7467060652542211,0.0660656136811524,0.0020891781424922,1000,0.6881683178409471,0.034448754075742,0.0010893652543435,1000,0.0612264485307234,0.1107877553427313,0.0035034164374051,1000,0.4591333142501659,0.058107380303644,0.0018375167062512,1000,0.8233333333333335,0.0624285407545419,0.0019741637978499,1000,1000,30,4,112.0,reference,reference,26083531
0.7834060363706579,0.054723178435606,0.0017304988466032,1000,0.6823387187485632,0.030020810631011,0.0009493413879859,1000,0.0548638475641402,0.1090076309548365,0.0034471239615635,1000,0.4648091966492642,0.0505617251346536,0.0015989021385288,1000,0.8461538461538463,0.0577980858267305,0.0018277359561036,1000,1000,40,4,112.0,reference,reference,26083541
0.8134742609027912,0.0445372351941953,0.0014083910390026,1000,0.6774278516593941,0.0270037751763901,0.000853934349805,1000,0.0558891930227696,0.107201291646902,0.0033900024971619,1000,0.4648407918236872,0.0442397422758534,0.0013989834869053,1000,0.8651282051282053,0.0531003830767589,0.0016791815515001,1000,1000,56,4,112.0,reference,reference,26083557
